Product ID,Variant ID,Title,Product Type,SKU Code,Variant,Inventory ID,Weight,,"Inv
Qty","Sale
Rate",Price,Inc,Stopped,6m Sale Qty,6m Qty Inv,6m Qty,Total Wt 1987173.35kg,Total Amt,6 mth qty,
2518938288213,22101467398229,3 Month Bhuta Shuddhi Refill - Camphor,Program Accessories,0111035,,22963089670229,0.076,kg,79,0.500,10,30,,,,,,,,109
2518921904213,22101401960533,A Taste of Well Being,Books - English,9789351363781,,22963011846229,0.4,kg,28,0.045,14,20,,8,40,,0.00,392.00,8.181818182,40
2518854434901,22101232615509,Adiyogi - The Source of Yoga (English),Books - English,9789352643929,,22962822250581,0.4,kg,16,0.011,14,0,,2,14,70,28.00,224.00,2.045454545,14
7005495689301,40803924967509,Adiyogi Chant Box & Night Lamp - Regular,Home Decor - Chant Box,TC0008700400,,42909342564437,220,g,5,0.000,18,6,,0,11,300,66000.00,90.00,0,11
7005495951445,40803925295189,Adiyogi Copper Diffuser - Big,Home Decor - Diffuser,ATAS04CDLG01,,42909342892117,125,g,0,-1.000,170,0,,,,,,,,
7034194034773,40884745928789,Adiyogi Copper Drinkware Set,Copper - Drinkware,YS0014200000,,42990167359573,0.45,kg,0,0.018,65,4,,3,1,,0.00,0.00,3.272727273,1
2518845456469,22101212594261,Adiyogi Copper Earring,Jewellery - Earrings,0113614,,22962795872341,0.05,kg,2,0.028,16,0,,5,-3,,0.00,32.00,5.113636364,-3
2518813835349,22101130543189,"Adiyogi Copper Water Bottle, 950 ml",Yoga Store - Copper Bottles,0105969,,22962709921877,1.5,kg,15,0.006,66,0,,1,14,,0.00,990.00,1.022727273,14
4736121831509,32591781855317,Adiyogi Fridge Magnet,Home Decor - Fridge Magnets,0106543,,34554802405461,0.04,kg,12,0.011,5,0,,2,10,10,0.40,60.00,2.045454545,10
2518870032469,22101283274837,Adiyogi Key Chain,Home Decor - Key Chains,0106536,,22962876481621,0.1,kg,20,0.006,3,0,,1,19,20,2.00,60.00,1.022727273,19
7034144391253,40884625113173,"Adiyogi miniature 2"" car stand - Black (Metal)",Art & Craft - Metal Art,ME0037600000,,42990046740565,0.11,kg,0,-1.000,8,0,,-180,180,,0.00,0.00,,0
6971431452757,40710569263189,Adiyogi Rudraksha with copper chain. Consecrated Isha Panchamukhi (five faced) Rudraksha bead.,Jewellery - Copper,RS0000100000,,42815805554773,0.075,kg,10,0.090,12,5,,,,,,,,15
2518869770325,22101282979925,Adiyogi Silver Earring,Jewellery - Earrings,0113604,,22962876186709,0.01,kg,7,0.021,80,0,,4,3,,0.00,560.00,,7
2518860660821,22101253259349,"Adiyogi Statue (12 inch, Metal)",Consecrated - Adiyogi Miniatures,TC0007517100,,22962845089877,10,kg,0,0.025,350,0,,4,-4,50,500.00,0.00,4.444444444,-4
2518860431445,22101253062741,"Adiyogi Statue (4 inch, Plastic)",Consecrated - Adiyogi Miniatures,0111087,,22962842959957,0.4,kg,4,0.085,8,0,,15,-11,,0.00,30.00,15.34090909,-11
2518860955733,22101255815253,"Adiyogi Statue (6 inch, Metal)",Consecrated - Adiyogi Miniatures,0111085,,22962845515861,2.5,kg,5,0.132,100,5,,24,-14,,0.00,500.00,23.68421053,-14
7034144555093,40884625309781,Adiyogi Statue Metal - 4 inch - Antique Brass,Home Decor,TC0007517900,,42990046937173,0.25,kg,2,0.000,75,3,,0,5,,0.00,150.00,0,5
7034144456789,40884625211477,Adiyogi Statue Metal - 4 inch - Antique Nickel,Home Decor,TC0007517700,,42990046838869,0.25,kg,2,0.000,60,3,,0,5,,0.00,120.00,0,5
7034144489557,40884625244245,Adiyogi Statue Metal - 4 inch - Oxidised Bronze,Home Decor,TC0007517800,,42990046871637,0.25,kg,0,0.026,60,3,,5,-2,,0.00,0.00,4.655172414,-2
4559942058069,31855923953749,"Amla Tablet, 60 pcs - Immunity booster",Health - Herbal Supplements,8905795001251,,33717603565653,0.15,kg,0,9.000,5,60,,1620,-1560,,,0.00,1620,-1560
2518920527957,22101398323285,Arputhar,Books - Tamil,0508079,,22963008077909,0.52,kg,8,0.000,5,0,,0,8,,0.00,40.00,0,8
2518914662485,22101381677141,Arthi Stand,Consecrated Devi - Arthi Stand,0111045,,22962988122197,0.29,kg,18,0.017,25,0,,3,15,50,14.50,450.00,3.068181818,15
7005496148053,40803925885013,Aum Namah Shivaya Adjustable Hammered Copper Cuff,Jewellery - Copper,CA0120500000,,42909343481941,27,g,0,0.058,11,16,,10,6,,0.00,0.00,10.46511628,6
2518870229077,22101283569749,Aum Namah Shivaya Magnet,Home Decor - Fridge Magnets,0106544,,22962877661269,0.2,kg,28,0.000,3,0,,0,28,,0.00,84.00,,28
6973830266965,40716710871125,Avighna Yantra Sutra,Consecrated - Linga Bhairavi,0111309,,42821972033621,0.1,kg,2,0.023,28,0,,4,-2,,,56.00,4.090909091,-2
4736172851285,32591831990357,Bamboo Toothbrush - Adult,Body Care - Toothbrush,0106737,,34554852540501,0.2,kg,5,0.391,5,20,,70,-45,,0.00,25.00,70.36363636,-45
4737742602325,32597710700629,Bamboo Toothbrush - Kids,Body Care - Toothbrush,0106738,,34560731447381,0.01,kg,16,0.029,5,10,,5,21,,0.00,80.00,,26
4737646821461,32597286846549,Beeswax Natural Oil Perfume - Jasmine Orient,Body Care - Solid Perfume,0110233,,34560307593301,0.04,kg,12,0.040,15,0,,7,5,,0.00,180.00,7.159090909,5
4737648033877,32597295136853,Beeswax Natural Oil Perfume - Lily of the Valley,Body Care - Solid Perfume,0110234,,34560315883605,0.04,kg,7,0.034,15,0,,6,1,10,0.40,105.00,6.136363636,1
4737649049685,32597302018133,Beeswax Natural Oil Perfume - Relax,Body Care - Solid Perfume,0110235,,34560322764885,0.04,kg,2,0.045,15,0,,8,-6,,0.00,30.00,8.181818182,-6
4787812270165,32811274141781,Bhairavi Raksha,Consecrated Devi - Raksha,0111226,L,34774297772117,0.5,kg,10,0.000,62,0,,0,10,,0.00,620.00,0,10
4787812270165,32811274174549,Bhairavi Raksha,Consecrated Devi - Raksha,0111225,M,34774297804885,0.5,kg,8,0.000,50,0,,0,8,,0.00,400.00,0,8
4787812270165,32811274207317,Bhairavi Raksha,Consecrated Devi - Raksha,0111224,S,34774297837653,0.5,kg,32,0.006,42,0,,1,31,,0.00,1344.00,1.022727273,31
6659231285333,39644504326229,Bhairavi Sadhana Kit - English,"Yoga Programmes Kit Supplies (PBK, Bhutashudhi)",0114301,,41740572065877,0.3,kg,10,0.313,3,0,,56,-46,,0.00,30.00,56.25,-46
6887287652437,40471096295509,Bhuta Shuddhi Bhoomi Refill - 16gm,Program Accessories,YS0008305501,,42569582772309,0.05,kg,34,0.290,20,30,,52,12,10,0.50,680.00,,64
6762110058581,40072452276309,Bhuta Shuddhi Kit in Cloth Bag,,YS0007816900,,42169907183701,1,kg,196,0.000,100,0,,0,196,,0.00,19600.00,0,196
6887906738261,40475851259989,Bloom 24 Hours Skin Hydrating Organic Body Lotion With Hibiscus Extract (Normal to Dry Skin) - 100ml,Bloom Skin Care,0116070,,42574341963861,0.15,kg,0,-1.000,13,0,,-180,180,,0.00,0.00,-180,180
6887911424085,40475872264277,Bloom 24 Hours Skin Hydrating Organic Body Lotion With Jojoba & Olive Extract (Extra Dry Skin) - 100ml,Bloom Skin Care,0116071,,42574362968149,0.15,kg,0,-1.000,18,0,,,,,,,,0
6887906541653,40475851063381,Bloom 24 Hours Skin Hydrating Organic Lotion With Mulberry Extract (Oily Skin) - 100ml,Bloom Skin Care,0116069,,42574341767253,0.15,kg,0,-1.000,13,0,,-180,180,,0.00,0.00,-180,180
6887901495381,40475821670485,Bloom All in 1 Organic Face Wash WIth Sandalwood & Turmeric Extract (All Skin Types) - 100ml,Bloom Skin Care,0116060,,42574312374357,0.15,kg,0,0.217,25,0,,,,,,,,0
6887902576725,40475832680533,Bloom Cell Renewal Organic Face Wash With Apple & Papaya Extract (All Skin Types) - 100ml,Bloom Skin Care,0116062,,42574323384405,0.15,kg,2,0.053,25,0,,9,-7,,0.00,50.00,9.473684211,-7
6887577092181,40473060343893,Bloom Deep Nourishment Organic Hair Oil With Argan Oil & Bhringraj (All Hair Types) - 100ml,Bloom Hair Care,0116055,,42571549343829,0.15,kg,0,-1.000,10,0,,-180,180,20,3.00,0.00,-180,180
6887429898325,40471595679829,Bloom Extra Nourishment & Protection Organic Hair Conditioner With Bamboo & Cucumber Extract (All Hair Types) - 100ml,Bloom Hair Care,0116054,,42570082353237,0.15,kg,0,-1.000,1,0,,-180,180,,0.00,0.00,-180,180
6887577583701,40473067389013,Bloom Extra Nourishment & Protection Organic Hair Serum With Buriti Oil & Almond Oil (All Hair Types) - 30ml,Bloom Hair Care,0116057,,42571556388949,0.08,kg,0,-1.000,28,0,,,,,,,,
6887429439573,40471591190613,Bloom Extra Nourishment & Protection Organic Shampoo with Bhringraj & Henna (All Hair Types) - 200ml,Bloom Hair Care,0116052,,42570077864021,0.35,kg,0,-1.000,25,0,,-180,180,,0.00,0.00,-180,180
6887429603413,40471592173653,Bloom Hair Fall Control & Repair Organic Conditioner with Hibiscus & Grapeseed Extract (All Hair Types) - 100ml,Bloom Hair Care,0116053,,42570078847061,0.15,kg,0,-1.000,14,0,,-180,180,,0.00,0.00,-180,180
6887577419861,40473063587925,Bloom Hair Fall Control & Repair Organic Hair Oil With Sesame Oil & Methi Extract (All Hair Types) - 100ml,Bloom Hair Care,0116056,,42571552587861,0.15,kg,0,-1.000,14,0,,-180,180,,0.00,0.00,-180,180
6887577649237,40473072697429,Bloom Hair Fall Control & Repair Organic Hair Serum With Brahmi & Kalmegh Extract (All Hair Types) - 30ml,Bloom Hair Care,0116058,,42571561697365,0.08,kg,0,-1.000,20,0,,-180,180,,0.00,0.00,-180,180
6887429210197,40471589912661,Bloom Hairfall Control & Repair Organic Shampoo with Shikakai and Jatamansi (All hair types) - 200ml,Bloom Hair Care,0116051,,42570076586069,0.35,kg,5,0.132,35,0,,,,,,,,5
6887902871637,40475835695189,Bloom Pollution Defence Organic Face Serum With Lotus Extract (All Skin Types) - 30ml,Bloom Skin Care,0116065,,42574326399061,0.08,kg,0,-1.000,25,0,,-180,180,,0.00,0.00,-180,180
6887900872789,40475813642325,Bloom Purifying & Acne Control Organic Face Wash With Neem & Tulsi Extract (Oily Skin) - 100ml,Bloom Skin Care,0116059,,42574304346197,0.15,kg,0,-1.000,16,0,,-180,180,,0.00,0.00,-180,180
6887905853525,40475849916501,Bloom Refreshing & Age Defence Shower Gel With Acai Berry Fruit Extract (All Skin Types) - 200ml,Bloom Skin Care,0116067,,42574340620373,0.3,kg,0,-1.000,18,100,,,,,,,,
6887906213973,40475850571861,Bloom Refreshing & Skin Brightening Shower Gel With Saffron & Sandal Extract (All Skin Types) - 200ml,Bloom Skin Care,0116068,,42574341275733,0.3,kg,0,-1.000,18,0,,-180,180,,0.00,0.00,-180,180
6887902150741,40475827667029,Bloom Shine & Glow Skin Brightening Organic Face Wash With Orange & Licorice Extract (All Skin Types) - 100ml,Bloom Skin Care,0116061,,42574318370901,0.15,kg,0,-1.000,15,0,,-180,180,,0.00,0.00,-180,180
6887903166549,40475838939221,Bloom Skin Deep Nourishing Organic Face Serum With Aloe Vera Extract & Turmeric (All Skin Types) - 30ml,Bloom Skin Care,0116066,,42574329643093,0.08,kg,0,-1.000,25,0,,,,,,,,0
2518954442837,22101530738773,Body The Greatest Gadget / Mind Is Your Business,Books - English,9788184956955,,22963150422101,0.3,kg,13,0.023,11,0,,4,9,500,150.00,143.00,4.090909091,9
6617464438869,39508726415445,Bond of grace,,BondofGrace,,41603938353237,5.01,kg,69,0.000,100,0,,0,69,,0.00,6900.00,0,69
2518902177877,22101348614229,Brass Tea Light Holder - Mango Leaf,Home Decor - Light Holders,0105294,,22962951749717,0.31,kg,16,0.000,25,0,,0,16,,0.00,400.00,0,16
6971430862933,40710564413525,Chakra copper cuff. Crafted of pure copper with the mantras of the seven chakras engraved across its length,Jewellery - Bracelets,0113892,,42815800705109,0.02,kg,24,0.017,18,0,,3,21,10,0.20,432.00,3.068181818,21
2518910795861,22101367816277,Children’s Shanmukhi Rudraksha Beads - Six Faced,Consecrated - Rudrakshas,RS0000500000,,22962977341525,0.1,kg,12,0.113,6,20,,20,12,,0.00,72.00,20.37735849,12
2518937272405,22101464023125,Choker - Copper Style 2,Jewellery - Necklaces,0113507,,22963080396885,0.07,kg,4,0.006,10,0,,1,3,,0.00,40.00,1.022727273,3
7027327991893,40869226348629,Coco shell mobile holder,Accessories - Bags,,,42974633033813,0.1,kg,5,0.006,5,0,,1,4,,0.00,25.00,1.022727273,4
7277089259605,42064360767573,"Coconut Oil, 200 ml",Body Care - Oils,NF0004803301,,44186363592789,0.2,kg,9,0.026,9,0,,5,4,,0.00,81.00,4.736842105,4
6950177767509,40659070746709,Consecrated Adiyogi Abhaya sutra,Consecrated - Sutra,TC0000100000,,42764527534165,0.01,kg,22,0.182,2,15,,33,4,,0.00,44.00,32.72727273,4
6628830249045,39544048615509,Consecrated Adiyogi Cotton Shawl,Consecrated - Adiyogi Shawls,0111137,,41639361380437,0.2,kg,4,0.011,14,0,,2,2,,0.00,56.00,,4
6610754306133,39491509682261,Consecrated Adiyogi Silk Shawl,Consecrated - Adiyogi Shawls,0203316,,41586549620821,0.3,kg,4,0.006,99,20,,,,,,396.00,1.022727273,23
2518912270421,31778448244821,Consecrated Copper Snake Ring,Consecrated - Snake Rings Copper,0111013,S,33570749874261,0.1,kg,0,0.268,3,15,,48,-33,,0.00,0.00,48.15286624,-33
2518912270421,22101375189077,Consecrated Copper Snake Ring,Consecrated - Snake Rings Copper,0111014,M,22962982584405,0.1,kg,9,0.375,3,30,,68,-29,,0.00,27.00,67.5,-29
2518912270421,22101375156309,Consecrated Copper Snake Ring,Consecrated - Snake Rings Copper,0111015,L,22962982518869,0.1,kg,22,0.221,3,10,,40,-8,50,5.00,66.00,39.75460123,-8
4836256874581,32976400220245,Consecrated Devi Cotton Shawl (Angavastram),Consecrated Devi - Shawls & Vastram,0111189,,34939578417237,0.1,kg,0,0.135,12,15,,24,-9,,0.00,0.00,24.32432432,-9
6898488672341,40512692289621,Consecrated Isha Gauri-Shankar Rudraksha,Consecrated - Rudrakshas,0111009,,42617856229461,0,kg,20,0.011,400,0,,2,18,,0.00,8000.00,,20
2518810591317,22337121550421,Consecrated Silver Snake Ring,Consecrated - Snake Rings Silver,0113678S,S,23282378932309,0.2,kg,10,0.028,120,0,,,,,,,,10
2518810591317,22337117913173,Consecrated Silver Snake Ring,Consecrated - Snake Rings Silver,0113678M,M,23282374606933,0.2,kg,1,0.053,120,20,,9,12,300,60.00,120.00,9.473684211,12
2518810591317,22101123858517,Consecrated Silver Snake Ring,Consecrated - Snake Rings Silver,0113678L,L,22962697207893,0.2,kg,9,0.057,135,0,,10,-1,,0.00,1215.00,10.22727273,-1
2518937534549,22101464514645,Copper Earring - Style 1,Jewellery - Earrings,0113502,,22963080888405,0.25,kg,15,0.000,10,0,,0,15,10,2.50,150.00,0,15
2518937501781,22101464481877,Copper Earring - Style 2,Jewellery - Earrings,0113503,,22963080855637,0.25,kg,13,0.000,10,0,,0,13,,,130.00,0,13
2518937403477,22101464154197,Copper Earring - Style 3,Jewellery - Earrings,0113504,,22963080527957,0.25,kg,11,0.000,10,0,,0,11,,0.00,110.00,0,11
2518937370709,22101464121429,Copper Earring - Style 4,Jewellery - Earrings,0113505,,22963080495189,0.02,kg,6,0.000,10,0,,,,,,,,6
2518933602389,22101446983765,"Copper Glass / Tumbler, 400 ml",Yoga Store - Copper Tumblers,0105628,,22963063357525,0.2,kg,0,0.102,18,10,,,,,,,,
2518921707605,22101399470165,Copper Incense Stand,Home Decor - Incense Stands,0105006,,22963011649621,0.3,kg,15,0.017,14,0,,,,,,,,
2518933766229,22101447180373,Copper Leaf Tea Light Holder,Home Decor - Light Holders,0105009,,22963063554133,0.18,kg,7,0.000,15,0,,0,7,,0.00,105.00,0,7
2518933733461,22101447147605,Copper Tea Light Holder,Home Decor - Light Holders,0105208,,22963063521365,0.08,kg,39,0.017,15,0,,3,36,,0.00,585.00,3.068181818,36
2518933635157,22101447016533,"Copper Tumbler, 200 ml",Yoga Store - Copper Tumblers,0105101,,22963063390293,0.1,kg,0,0.000,11,6,,0,6,,0.00,0.00,0,6
7022389002325,40859693482069,"Copper Water Bottle Engraved with Sadhguru Quote, 700 ml",Copper - Drinkware,0111203,,42965108850773,0.2,kg,35,0.000,50,0,,0,35,,0.00,1750.00,0,35
4812664045653,32907122344021,"Copper Water Bottle Engraved with Yogeshwaraya Chant, 450 ml",Yoga Store - Copper Bottles,0111159,,34870215082069,0.24,kg,4,0.038,28,0,,7,-3,,0.00,112.00,6.79245283,-3
7034144260181,40884624982101,Copper Water Bottle With Adiyogi Imprint - 900 ml,Copper - Drinkware,YS0014100000,,42990046609493,0.27,kg,0,0.016,50,5,,3,2,,0.00,0.00,2.950819672,2
2518914531413,22101381546069,"Copper Water Storage Pot (Jeevarasam Pot), 10 Liters",Yoga Store - Copper Water Storage,0111049,,22962987991125,10.1,kg,5,0.000,222,0,,0,5,,0.00,1110.00,0,5
2518914334805,22101381349461,"Copper Water Storage Pot (Jeevarasam Pot), 5 Liters",Yoga Store - Copper Water Storage,0111051,,22962987794517,4.5,kg,9,0.006,135,0,,1,8,,0.00,1215.00,1.022727273,8
2518934519893,22101448982613,Cotton Cross Shoulder Bag,Accessories - Bags,0101030,,22963065356373,0.16,kg,10,0.000,12,0,,0,10,,0.00,120.00,0,10
2518813933653,32625120936021,Cotton Rug Yoga Mat - Orange,Yoga Store - Cotton Rug Mats,YS0010800000,,34588142731349,1.15,kg,0,0.077,35,10,,14,-4,50,57.50,0.00,,10
4736221839445,32591935012949,Cotton White Shawl,Clothing - Women's Accessories,0203352,,34554955563093,0.17,kg,9,0.017,20,0,,3,6,,0.00,180.00,3.068181818,6
2518927573077,22101423521877,Cotton Yoga Mat Rubber Coated,Yoga Store - Cotton Rug Mats,0402022,,22963037175893,1.26,kg,6,0.054,35,10,,,,,,,,16
4743987560533,32630704341077,Death - An Inside Story,Books - English,9780143450832,,34593726136405,0.4,kg,97,0.068,20,0,,12,85,,0.00,1940.00,12.27272727,85
6973830692949,40716712345685,Devi Abhishekam kit,,0114752,,42821973508181,0.15,kg,4,0.006,16,0,,1,3,,0.00,64.00,1.022727273,3
2518915154005,22101383905365,Devi Kumkum - Big,Consecrated Devi - Pooja Offerings,0111030,,22962994020437,0.1,kg,219,0.517,3,0,,93,126,,0.00,657.00,93.06818182,126
4787803291733,32811234590805,Devi Offering Plate / Gudi Plate,Consecrated Devi - Gudi Plate,0111053,,34774258221141,0.32,kg,7,0.057,40,5,,10,2,20,6.40,280.00,,12
2518915121237,22101382660181,Devi Turmeric - Big,Consecrated Devi - Pooja Offerings,0111031,,22962993987669,0.2,kg,63,0.121,3,0,,,,,,,,63
2518913286229,22101378564181,Devi Vastram,Consecrated Devi - Shawls & Vastram,0111026,,22962984747093,0.1,kg,9,0.468,3,,,,,,,,,
4803677159509,32874632413269,Dhyanalinga Yantra with Wooden Frame (12 mm),Consecrated - Dhyanalinga Yantra,TC0000816900,,34837686157397,0.5,kg,5,0.036,380,0,,6,-1,,0.00,1900.00,6.428571429,-1
2518955032661,22101531328597,"Don't Polish Your Ignorance, It May Shine",Books - English,9788184952001,,22963151011925,0.4,kg,17,0.006,12,0,,1,16,,0.00,204.00,1.022727273,16
2518918791253,22101394030677,Dwimukhi Rudraksha Beads - Two Faced,Consecrated - Rudrakshas,0111008,,22963003392085,0.2,kg,4,0.028,15,0,,,,,,,,4
2518956114005,22101532704853,Encounter the Enlightened,Books - English,9788186685600,,22963156287573,0.3,kg,1,0.000,11,0,,0,1,,0.00,11.00,0,1
7059315982421,40958068457557,Enlightenment - A new beginning,Books - English,ME0042401500,,43064326520917,0.23,kg,18,0.006,15,0,,1,17,20,4.60,270.00,1.022727273,17
6649442598997,39604085063765,Eternal Echoes - A Book Of Poems (1994-2021),Books,EBK_001,,41699701948501,0.95,kg,74,0.000,30,0,,0,74,,0.00,2220.00,0,74
2518956507221,22101537226837,Flowers on the Path,Books - English,9788187910053,,22963159728213,0.25,kg,26,0.011,7,0,,2,24,,0.00,182.00,2.045454545,24
2518910238805,22101366505557,Gel Magnets Design 1 - Sadhguru Quote 1,Home Decor - Fridge Magnets,0106510,,22962970820693,0.03,kg,14,0.006,10,0,,1,13,,,140.00,,14
2518910140501,22101366440021,Gel Magnets Design 2 - Sadhguru Quote 2,Home Decor - Fridge Magnets,0106511,,22962970755157,0.03,kg,12,0.011,10,0,,2,10,,0.00,120.00,2.045454545,10
2518910074965,22101366341717,Gel Magnets Design 3 - Sankaran Pillai,Home Decor - Fridge Magnets,0106512,,22962970689621,0.03,kg,9,0.000,10,0,,0,9,,,90.00,0,9
6887288799317,40471097671765,Golden Diffuser Perfume Burner,Home Decor - Burners & Fumers,0601134,,42569584148565,0.15,kg,1,0.000,47,0,,0,1,,0.00,47.00,0,1
2518913220693,22101378203733,Guru Pooja Set,Consecrated - Pooja Essentials,YS0006400000,,22962984648789,1.1,kg,26,0.073,50,0,,13,13,,0.00,1300.00,13.2,13
2518933504085,22101446852693,Hammered Copper Uruli - Medium,Home Decor - Copper Urilis,0105301,,22963063226453,1.42,kg,14,0.006,66,0,,1,13,,0.00,924.00,1.022727273,13
2518933471317,22101446819925,Hammered Copper Uruli - Small,Home Decor - Copper Urilis,0105302,,22963063193685,0.8,kg,3,0.006,55,0,,1,2,,0.00,165.00,1.022727273,2
2548173406293,22323513327701,"Hammered Copper Water Bottle, 950 ml",Yoga Store - Copper Bottles,0601054,,23262431051861,0.4,kg,53,0.085,35,0,,,,,,,,53
6587387510869,39401433170005,Hammered Copper Water Glass 400ml,Yoga Store - Copper Tumblers,0105885,,41495700537429,0.22,kg,0,0.045,20,0,,8,-8,,0.00,0.00,,0
6862728101973,40384692650069,"Hammered Copper Water Jug, 1.5 Liters",Yoga Store - Copper Water Storage,0601063,,42483057590357,1,kg,2,0.053,55,10,,9,3,,0.00,110.00,9.473684211,3
4803628957781,32874442588245,"Hammered Copper Water Storage Pot, 8 Liters",Yoga Store - Copper Water Storage,0105669,,34837496299605,5.1,kg,7,0.006,160,4,,1,10,,0.00,1120.00,1.084337349,10
2518916923477,22101389639765,Hammered Wick Flower Lamp,Home Decor - Light Holders,0105281,,22962996084821,0.37,kg,1,0.017,35,0,,3,-2,,0.00,35.00,3.068181818,-2
2518933798997,22101447213141,Handcrafted Antique Brass Diya (Deepam),Home Decor - Deepam / Diya,0105116,,22963063586901,0.1,kg,8,0.014,9,0,,3,5,,0.00,72.00,2.571428571,5
2518933831765,22101447278677,Handcrafted Antique Diya (Deepam) with Base,Home Decor - Deepam / Diya,0105115,,22963063619669,0.18,kg,5,0.034,12,0,,,,,,60.00,6.206896552,-1
6609371594837,39488397934677,Handcrafted Hanging Iron Bell,Home Decor Wall Hangings - Bells,0105886,,41583411069013,0.29,kg,20,0.023,30,0,,,,,,,,20
6970498580565,40707999170645,Handloom cotton towel natural dyed - Large,Clothing - Towels,0402076,,42813234774101,0.3,kg,3,0.044,19,10,,8,5,,0.00,57.00,8,5
4803625615445,32874432725077,"Handmade Dasangam with Cow Dung Cups, 12 Pcs",Home Decor - Dasangam,0110229,,34837486436437,0.3,kg,32,0.532,7,50,,,,,,,,82
4742208061525,32620642140245,Handmade Neem Wood Comb (Narrow Teeth),Body Care - Neem Comb,0106732,,34583663935573,0.03,kg,25,0.017,5,0,,,,,,,,25
4742206029909,32620631785557,Handmade Neem Wood Comb (Two in one),Body Care - Neem Comb,0106735,,34583653580885,0.06,kg,17,0.051,7,0,,9,8,20,1.20,119.00,9.204545455,8
4742204948565,32620628344917,Handmade Neem Wood Comb (Wider teeth),Body Care - Neem Comb,0106736,,34583650140245,0.06,kg,39,0.011,7,0,,2,37,10,0.60,273.00,2.045454545,37
4742208979029,32620646072405,Handmade Neem Wood Comb with Handle (Narrow teeth),Body Care - Neem Comb,0106733,,34583667867733,0.04,kg,17,0.017,6,0,,3,14,,0.00,102.00,3.068181818,14
4742206619733,32620635193429,Handmade Neem Wood Comb with Handle (Wider teeth),Body Care - Neem Comb,0106734,,34583656988757,0.2,kg,47,0.034,6,0,,6,41,,0.00,282.00,6.136363636,41
4803626139733,32874433904725,"Handmade Sambrani with Cow Dung Cup, 12 Pcs",Home Decor - Sambrani,0110228,,34837487616085,0.45,kg,91,1.871,6,150,,337,-96,,0.00,546.00,336.7741935,-96
4736825950293,32594225987669,"Herbal Toothpaste (Paraben, Fluoride, SLS, & SLES Free), 150 gm",Body Care - Toothpaste,BC0000706501,,34557246537813,0.3,kg,154,1.331,5,50,,240,-36,,0.00,770.00,239.5683453,-36
4736826835029,32594227986517,"Herbal Toothpaste (Paraben, Fluoride, SLS, & SLES Free), 50 gm",Body Care - Toothpaste,BC0000706001,,34557248536661,0.2,kg,84,0.164,3,20,,,,,,,,104
6991666708565,40763653947477,High Grade Ceramic Stoneware mug with wooden Coaster Style 1,,0106849,,42869056864341,0.2,kg,2,0.000,26,0,,0,2,,,52.00,0,2
2518955655253,22101532311637,Himalayan Lust,Books - English,9788184950762,,22963151994965,0.4,kg,9,0.023,12,0,,4,5,,0.00,108.00,4.090909091,5
4803683024981,32874644439125,"Honey Amla, 500 gm",Health - Honey,8905795000407,,34837698183253,0.58,kg,0,-1.000,20,0,,-180,180,,0.00,0.00,-180,180
6883219472469,40450697035861,Incense Holder Elm Leaf,Home Decor - Incense Stands,0601156,,42549159526485,0.15,kg,0,-1.000,45,,,,,,,,,0
6883220848725,40450748055637,Incense Holder Feather,Home Decor - Incense Stands,0601157,,42549210546261,0.1,kg,0,-1.000,25,0,,-180,180,,0.00,0.00,-180,180
4736842301525,32594303189077,Indian Experience Meditation Mat,Yoga Store - Cotton Mats,0402059,,34557323739221,0.5,kg,10,0.000,35,0,,0,10,,0.00,350.00,0,10
4736848035925,32594335596629,Indian Experience Pranayama Cushion,Yoga Store - Pranayam Cushions,0402056,,34557356146773,0.24,kg,11,0.057,12,0,,,,,,,,11
6609364746325,39488359399509,Indian Experience Towel - Big,Clothing - Towels,0402045,,41583372533845,0.29,kg,4,0.017,12,0,,,,,,,,4
6609347182677,39488289439829,Indian Experience Towel - Small,Clothing - Towels,0402046,,41583302574165,0.09,kg,8,0.006,5,0,,,,,,,,8
2518854303829,22101232517205,Inner Engineering: A Yogi’s Guide to Joy,Books - English,9780143428848,,22962819104853,0.3,kg,55,0.034,40,0,,6,49,,0.00,2200.00,6.136363636,49
2518956376149,22101536145493,Inner Management,Books - English,BKEN010,,22963157827669,0.3,kg,0,-1.000,5,0,,-180,180,,0.00,0.00,-180,180
6609371365461,39488397443157,"Instant Herbal Dhoop, 20 pcs",Home Decor - Incense Cones,8905795001480,,41583410577493,0.2,kg,0,1.104,2,100,,199,-99,,0.00,0.00,198.75,-99
2518925410389,22101414477909,Isha Balm - 20gms,Health - Balms,HI0002705601,,22963028983893,0.1,kg,41,0.237,5,50,,43,48,,0.00,205.00,,91
4559962341461,31855952691285,"Isha Herbal Tooth Powder, 60 gm",Body Care - Tooth Powder,8904256305631,,33717698068565,0.08,kg,0,-1.000,3,0,,,,,,,,0
4744712650837,32633765625941,Isha Pattern Mug,Yoga Store - Mugs,0106500,,34596787421269,0.5,kg,0,-1.000,10,0,,-180,180,,0.00,0.00,-180,180
2518938419285,22101468151893,Jalanethi Pot,Yoga Accessories,YS0007600000,,22963090522197,0.298,kg,30,0.000,35,0,,0,30,,0.00,1050.00,0,30
7233195442261,41844594868309,Jamun Honey,Health - Honey,8905795033603,,43956833681493,0.8,kg,205,0.271,24,0,,49,156,,0.00,4920.00,48.85714286,156
2649835634773,22870078586965,Jeevamirtham (Herb-based Tonic - Immunity Booster) 200 ml,Health - Jeevamirtham,8904256305341,,24019905216597,0.3,kg,0,-1.000,16,0,,-180,180,,0.00,0.00,-180,180
2518925869141,22101419655253,Jeevamirtham (Herb-based Tonic - Immunity Booster) 500 ml,Health - Jeevamirtham,8904256305358,,22963030098005,0.6,kg,0,-1.000,36,0,,,,,,,,0
4559954149461,31855942697045,Jeevarasam (Consecrate water at home),Yoga Store - Copper Water Storage,0111019,,33717659762773,0.4,kg,0,0.028,158,10,,,,,,,,10
4513966948437,31724427444309,Jeevarasam Pot Plate - Big,Yoga Store - Copper Water Storage,0111050,,33466378190933,0.6,kg,6,0.000,40,0,,0,6,,0.00,240.00,0,6
4513965572181,31724424888405,Jeevarasam Pot Plate - Small,Yoga Store - Copper Water Storage,0111052,,33466372522069,0.6,kg,3,0.006,25,0,,1,2,,0.00,75.00,1.022727273,2
2518956245077,22101534113877,Joy 24x7,Books - English,9788179929148,,22963156942933,0.4,kg,2,0.021,10,0,,4,-2,,0.00,20.00,3.857142857,-2
2518935470165,32597458845781,Jute Padam Bag,Yoga Store - Bags,0101021,Brown,34560479592533,0.51,kg,3,0.000,20,0,,0,3,,0.00,60.00,0,3
2518814883925,22101136080981,Kailash Teerth (Water from Mount Kailash),Consecrated - Kailash Teerth,8908005905660,,22962712739925,1.81,kg,0,-1.000,108,0,,-180,180,,0.00,0.00,-180,180
6549550628949,39274258137173,Karma - A Yogi's Guide to Crafting Your Destiny,Books - English,9780143452676,,41368201756757,0.5,kg,689,0.119,14,0,,21,668,,0.00,9646.00,21.47727273,668
2518927016021,22101422243925,"Kashmir Natural Honey, 500 gm",Health - Honey,8905795000506,,22963035504725,0.6,kg,0,-1.000,26,0,,-180,180,20,12.00,0.00,-180,180
6610759680085,39491537567829,"Kasthuri Manjal (Wild Turmeric Face Pack), 50 gm",Body Care - Face Pack,8905795001404,,41586577637461,0.08,kg,6,0.059,5,8,,11,3,,0.00,30.00,10.58823529,3
6611112820821,39492266557525,"Kaya Kalpa Thailam (Hair Oil), 200 ml",Body Care - Hair Oils,8904256305433,,41587330154581,0.22,kg,0,-1.000,11,0,,-180,180,,,0.00,-180,180
2518812622933,22101128773717,"Kesh Jyoti (Herbal Shampoo Powder), 100 gm",Body Care - Shampoo Powder,BC0001906301,,22962702123093,0.15,kg,46,0.327,5,0,,59,-13,,0.00,230.00,58.81188119,-13
2518869377109,22101282422869,Kundalini Charms Bracelet,Jewellery - Bracelets,0113684,,22962874777685,0.02,kg,32,0.011,15,0,,2,30,,0.00,480.00,2.045454545,30
4778931322965,32779606589525,Ladies V Neck Kurtha - Style 1,Clothing - Women's Kurtas,0202492-L,L,34742628876373,0.13,kg,0,-1.000,18,0,,-180,180,,0.00,0.00,-180,180
4778931322965,32779606622293,Ladies V Neck Kurtha - Style 1,Clothing - Women's Kurtas,0202492-M,M,34742628909141,0.13,kg,0,-1.000,18,0,,,,,,,,0
4778931322965,32779606655061,Ladies V Neck Kurtha - Style 1,Clothing - Women's Kurtas,0202492-S,S,34742628941909,0.13,kg,0,-1.000,18,0,,-180,180,,0.00,0.00,-180,180
4778931322965,32779606687829,Ladies V Neck Kurtha - Style 1,Clothing - Women's Kurtas,0202492-XL,XL,34742628974677,0.13,kg,0,-1.000,18,0,,-180,180,,0.00,0.00,-180,180
4778935615573,32779614158933,Ladies V Neck Kurtha - Style 2,Clothing - Women's Kurtas,0202493S,S,34742636478549,0.13,kg,0,-1.000,18,0,,-180,180,,0.00,0.00,-180,180
4778935615573,32779614191701,Ladies V Neck Kurtha - Style 2,Clothing - Women's Kurtas,0202493M,M,34742636511317,0.13,kg,0,-1.000,18,0,,-180,180,,0.00,0.00,-180,180
4778935615573,32779614224469,Ladies V Neck Kurtha - Style 2,Clothing - Women's Kurtas,0202493L,L,34742636544085,0.13,kg,0,-1.000,18,0,,-180,180,,0.00,0.00,-180,180
4778935615573,32779614257237,Ladies V Neck Kurtha - Style 2,Clothing - Women's Kurtas,0202493XL,XL,34742636576853,0.13,kg,0,-1.000,18,0,,-180,180,10,1.30,0.00,-180,180
4778939646037,32779641880661,Ladies V Neck Kurtha - Style 3,Clothing - Women's Kurtas,0202494S,S,34742664167509,0.14,kg,0,-1.000,18,0,,,,,,,,0
4778939646037,32779641913429,Ladies V Neck Kurtha - Style 3,Clothing - Women's Kurtas,0202494M,M,34742664200277,0.14,kg,0,-1.000,18,0,,,,,,,,
4778939646037,32779641946197,Ladies V Neck Kurtha - Style 3,Clothing - Women's Kurtas,0202494L,L,34742664233045,0.14,kg,0,-1.000,18,0,,,,,,,,
4778939646037,32779641978965,Ladies V Neck Kurtha - Style 3,Clothing - Women's Kurtas,0202494XL,XL,34742664265813,0.14,kg,0,-1.000,18,0,,-180,180,,0.00,0.00,-180,180
2518954213461,22101530574933,Life and Death in One Breath,Books - English,9788184954425,,22963150225493,0.3,kg,4,0.006,12,0,,1,3,,,48.00,1.022727273,3
2518914269269,22101381283925,Linga Bhairavi Abhaya Sutra,Consecrated Devi - Abhaya Sutra,0111068,,22962987728981,0.02,kg,322,1.119,2,100,0,0,0,0,0,0,201.4772727,221
7316186234965,42163014008917,Linga Bhairavi Copper Pendant - Large,Consecrated Devi - Pendants,0111016 L,,44287637356629,0.08,kg,2,0.079,10,0,,,,,,,,
2518916137045,22101388853333,Linga Bhairavi Copper Pendant - Medium,Consecrated Devi - Pendants,0111016,,22962995298389,0.08,kg,0,0.048,10,15,,9,6,,0.00,0.00,8.571428571,6
2518915612757,22101388034133,Linga Bhairavi Copper Pendant - Small,Consecrated Devi - Pendants,0111073,,22962994479189,0.06,kg,0,0.168,5,0,,30,-30,,0.00,0.00,30.2189781,-30
7278781136981,42068109262933,Linga Bhairavi Devi ChantBox - Small,Home Decor - Chant Box,TC0011100200,,44190218977365,0.1,kg,6,0.000,15,0,,0,6,,0.00,90.00,0,6
4812649267285,32907080532053,Linga Bhairavi Gudi (Miniature Devi Temple),Consecrated Devi - Gudi,0111025,,34870173270101,5.1,kg,0,0.037,777,100,,,,,,0.00,6.585365854,93
4787806928981,32811246321749,Linga Bhairavi Lamp with Spoon,Consecrated Devi - Lamps,0111018,,34774269984853,1.1,kg,4,0.000,80,0,,0,4,,0.00,320.00,0,4
2518915252309,22101386199125,Linga Bhairavi Lamp. Brass lamp. Strong and sturdy oil lamp,Consecrated Devi - Lamps,0111076,,22962994118741,0.83,kg,0,0.081,55,5,,15,-10,,0.00,0.00,14.51612903,-10
2650026278997,22870606872661,Linga Bhairavi Pendant Rope,Consecrated Devi - Pendants,CA0035800000,,24020597997653,0.03,kg,0,0.197,3,20,,36,-16,30,0.90,0.00,35.54140127,-16
7140105486421,41413332009045,"Linga Bhairavi Silver long Chain. Holds Linga Bhairavi Gold, Silver and Copper pendants",Jewellery - Silver,CA0042300009,,43517332553813,0.05,kg,3,0.034,300,0,,,,,,,,3
2518915711061,22101388427349,Linga Bhairavi Silver Pendant - Medium,Consecrated Devi - Pendants,0111022,,22962994675797,0.05,kg,19,0.028,200,200,,,,,,3800.00,5.113636364,214
2518915776597,22101388492885,Linga Bhairavi Silver Pendant - Small,Consecrated Devi - Pendants,0111021,,22962994872405,0.05,kg,10,0.028,150,0,,5,5,,0.00,1500.00,5.113636364,5
7233193279573,41844586086485,Linga Bhairavi with Bangles Photo Black (6x4),Linga Bhairavi,0111316,,43956824768597,0.1,kg,0,0.072,6,5,,,,,,,,5
7233194721365,41844593721429,Linga Bhairavi with Bangles Photo Black (8x12),Photos,0111317,,43956832534613,0,kg,1,0.046,12,0,,,,,,,,
6992187850837,40765325475925,Linga Bhairavi Yantra Sutra,Consecrated - Sutra,0111310,,42870729080917,0.2,kg,1,0.017,13,0,,3,-2,40,8.00,12.50,3.068181818,-2
2518913056853,22101378039893,Linga Jyoti (Consecrated),Consecrated - Dhyanalinga Lamps,0111011,,22962984484949,0.79,kg,0,0.060,70,0,,,,,,,,0
2518916464725,22101389181013,Lotus Tea Light Holder - Brass Finish,Home Decor - Light Holders,0105357Pink,,22962995626069,0.42,kg,5,0.006,40,0,,1,4,,0.00,200.00,1.022727273,4
2518910500949,22101366702165,Luggage Tag - Namaskar,Home Decor - Luggage Tags,0106507,,22962971344981,0.03,kg,1,0.000,7,0,,0,1,,0.00,7.00,,1
6609374052437,39488403865685,Luggage Tag - Surya Namaskar,Home Decor - Luggage Tags,0106509,,41583417000021,0.03,kg,4,0.006,7,0,,1,3,,0.00,28.00,1.022727273,3
2518910009429,22101366243413,Luggage Tag - Yoga,Home Decor - Luggage Tags,0106513,,22962970591317,0.03,kg,10,0.000,7,0,,0,10,,0.00,70.00,,10
4743097548885,32625167204437,Meditation Chair (Steel),Yoga Store - Meditation Chairs,0106546,,34588188999765,10.1,kg,13,0.017,88,0,,3,10,,0.00,1144.00,3.068181818,10
2518808854613,32597891743829,Melange T Shirt Moon Rose with Copper,Clothing - Unisex T-Shirts,0401133S,S,34560912490581,0.16,kg,4,0.000,18,0,,,,,,,,4
2518808854613,32597891776597,Melange T Shirt Moon Rose with Copper,Clothing - Unisex T-Shirts,0401133M,M,34560912523349,0.16,kg,1,0.000,18,0,,0,1,,0.00,17.50,0,1
2518808854613,32597891809365,Melange T Shirt Moon Rose with Copper,Clothing - Unisex T-Shirts,0401133L,L,34560912556117,0.16,kg,1,0.000,18,0,,,,,,,,1
2518808854613,32597891842133,Melange T Shirt Moon Rose with Copper,Clothing - Unisex T-Shirts,0401133XL,XL,34560912588885,0.16,kg,6,0.000,18,0,,0,6,,0.00,105.00,0,6
4737756233813,32597862744149,Melange Unisex Cotton That Which is Not Printed T-shirt - Olive,Clothing - Unisex T-Shirts,0401148S,S,34560883490901,0.17,kg,0,-1.000,18,0,,-180,180,,,0.00,-180,180
4737756233813,32597862776917,Melange Unisex Cotton That Which is Not Printed T-shirt - Olive,Clothing - Unisex T-Shirts,0401148M,M,34560883523669,0.17,kg,0,-1.000,18,0,,,,,,,,
4737756233813,32597862809685,Melange Unisex Cotton That Which is Not Printed T-shirt - Olive,Clothing - Unisex T-Shirts,0401148L,L,34560883556437,0.17,kg,0,-1.000,18,0,,,,,,0.00,-180,180
4737756233813,32597862842453,Melange Unisex Cotton That Which is Not Printed T-shirt - Olive,Clothing - Unisex T-Shirts,0401148XL,XL,34560883589205,0.17,kg,4,0.000,18,,,,,,,,,
2518889889877,22101324824661,Men Organic Cotton Beige Knitted Drawstring Pants,Clothing - Men's Pants,0201106S,S,22962924650581,1.1,kg,23,0.000,25,0,,0,23,,0.00,563.50,0,23
2518889889877,22101324890197,Men Organic Cotton Beige Knitted Drawstring Pants,Clothing - Men's Pants,0201106M,M,22962924716117,1.1,kg,15,0.000,25,0,,0,15,,0.00,367.50,0,15
2518889889877,22101324857429,Men Organic Cotton Beige Knitted Drawstring Pants,Clothing - Men's Pants,0201106L,L,22962924683349,1.1,kg,15,0.028,25,0,,5,10,,0.00,367.50,5.113636364,10
2518881665109,22323381239893,Men Organic Cotton Embroidered Aum Kurta - White,Clothing - Men's Kurtas,0201102S,S,23262237032533,1.1,kg,5,0.017,18,,,,,,,,,
2518881665109,22101305557077,Men Organic Cotton Embroidered Aum Kurta - White,Clothing - Men's Kurtas,0201102M,M,22962902073429,0.9,kg,15,0.017,18,0,,3,12,20,18.00,262.50,3.068181818,12
2518881665109,22101305589845,Men Organic Cotton Embroidered Aum Kurta - White,Clothing - Men's Kurtas,0201102L,L,22962902106197,1.1,kg,2,0.023,18,0,,4,-2,,,35.00,4.090909091,-2
2518837592149,22101193523285,Men Organic Cotton Knitted Drawstring Pants - White,Clothing - Men's Pants,0201105S,S,22962779324501,1.1,kg,6,0.017,25,0,,3,3,,0.00,147.00,3.068181818,3
2518837592149,22101193588821,Men Organic Cotton Knitted Drawstring Pants - White,Clothing - Men's Pants,0201105M,M,22962779455573,0.6,kg,10,0.000,25,,,,,,,,,
2518837592149,22101193556053,Men Organic Cotton Knitted Drawstring Pants - White,Clothing - Men's Pants,0201105L,L,22962779390037,1.1,kg,3,0.017,25,0,,,,,,,,3
2518883336277,22101310931029,Men's Beige Hemp Kurta,Clothing - Men's Kurtas,0201001BeigeS,38 / Beige,22962907447381,0.14,kg,17,0.006,25,0,,1,16,,0.00,416.50,1.022727273,16
2518883336277,22101310963797,Men's Beige Hemp Kurta,Clothing - Men's Kurtas,0201001BeigeM,40 / Beige,22962907480149,0.15,kg,8,0.011,25,0,,2,6,,,196.00,2.045454545,6
2518883336277,22101310996565,Men's Beige Hemp Kurta,Clothing - Men's Kurtas,0201001BeigeL,42 / Beige,22962907512917,0.16,kg,13,0.006,25,0,,1,12,,0.00,318.50,1.022727273,12
2518883336277,22101311029333,Men's Beige Hemp Kurta,Clothing - Men's Kurtas,0201001BeigeXL,44 / Beige,22962907545685,0.17,kg,6,0.000,25,0,,0,6,,0.00,147.00,0,6
2518883663957,22101311389781,Men's Black Hemp Kurta,Clothing - Men's Kurtas,0201001BlackM,Medium,22962907906133,0.3,kg,4,0.000,25,0,,0,4,30,9.00,98.00,0,4
2518883663957,22101311422549,Men's Black Hemp Kurta,Clothing - Men's Kurtas,0201001BlackL,Large,22962907938901,0.3,kg,6,0.006,25,,,,,,,,,6
2518883663957,22101311455317,Men's Black Hemp Kurta,Clothing - Men's Kurtas,0201001BlackXL,XL,22962907971669,0.4,kg,0,0.000,25,0,,0,0,150,60.00,0.00,0,0
2518883663957,40541941301333,Men's Black Hemp Kurta,Clothing - Men's Kurtas,0201001BlackS,S,42647115366485,0.3,kg,2,0.006,25,0,,1,1,,0.00,49.00,1.022727273,1
2518884089941,22101312307285,Men's White Hemp Kurta,Clothing - Men's Kurtas,0201001WhiteS,38 / White,22962908823637,0.14,kg,6,0.006,25,,,,,,,,,
2518884089941,22101312340053,Men's White Hemp Kurta,Clothing - Men's Kurtas,0201001WhiteM,40 / White,22962908856405,0.15,kg,6,0.000,25,0,,0,6,,0.00,147.00,0,6
2518884089941,22101312372821,Men's White Hemp Kurta,Clothing - Men's Kurtas,0201001WhiteL,42 / White,22962908889173,0.16,kg,0,0.016,25,0,,3,-3,150,24.00,0.00,2.8125,-3
2518884089941,22101312405589,Men's White Hemp Kurta,Clothing - Men's Kurtas,0201001WhiteXL,44 / White,22962908921941,0.17,kg,10,0.000,25,0,,0,10,,0.00,245.00,0,10
7140104732757,41413328339029,Men’s Organic Cotton Sadhana Pyjama - White,Clothing - Men's Pants,0201120S,S,43517328883797,0.1,kg,5,0.000,36,0,,0,5,,0.00,180.00,0,5
7140104732757,41413328371797,Men’s Organic Cotton Sadhana Pyjama - White,Clothing - Men's Pants,0201120M,M,43517328916565,0.1,kg,13,0.017,36,0,,3,10,60,6.00,468.00,3.068181818,10
7140104732757,41413328404565,Men’s Organic Cotton Sadhana Pyjama - White,Clothing - Men's Pants,0201120L,L,43517328949333,0.1,kg,6,0.011,36,,,,,,,,,
7140104732757,41413328437333,Men’s Organic Cotton Sadhana Pyjama - White,Clothing - Men's Pants,0201120XL,XL,43517328982101,0.1,kg,0,-1.000,36,0,,-180,180,500,50.00,0.00,-180,180
2518955425877,22101532049493,Midnights with the Mystic,Books - English,9788184951660,,22963151732821,0.4,kg,11,0.006,12,0,,1,10,,0.00,132.00,1.022727273,10
7277089980501,42064362537045,Millet and Moringa Dosa Mix 200g,Natural Foods,NF0014606601,,44186365689941,0.25,kg,6,0.105,5,,,,,,,,,
7120201056341,41125572411477,Miracle of Mind T-shirt,,CA01950,M,43229876387925,0.13,kg,2,0.006,12,0,,,,,,,,2
7120201056341,41125572444245,Miracle of Mind T-shirt,,CA01950,S,43229876420693,0.13,kg,0,-1.000,12,0,,-180,180,,0.00,0.00,-180,180
7120201056341,41125572477013,Miracle of Mind T-shirt,,CA01950,XL,43229876453461,0.13,kg,0,0.018,12,0,,3,-3,,0.00,0.00,3.272727273,-3
7120201056341,41125572509781,Miracle of Mind T-shirt,,CA01950,L,43229876486229,0.13,kg,0,-1.000,12,0,,-180,180,5,0.65,0.00,-180,180
2518806298709,22101113307221,Moon phases wall hanging - Horizontal,Home Decor Wall Hangings - Mystic Moon,0105962,,22962686623829,0.3,kg,28,0.006,24,,,,,,,,,
2518806397013,22101113372757,Moon phases wall hanging - Vertical,Home Decor Wall Hangings - Mystic Moon,0105963,,22962686722133,0.27,kg,13,0.006,20,0,,1,12,,0.00,260.00,1.022727273,12
2518955163733,22101531754581,More Than A Life: Sadhguru,Books - English,9780143421122,,22963151274069,0.4,kg,16,0.011,15,0,,2,14,,,240.00,2.045454545,14
7142565216341,41421717012565,Moringa Energy Bar,Natural Foods,NF0012800000,,43525746262101,0.02,kg,17,0.079,1,20,,14,23,,0.00,20.40,14.21052632,23
7140105683029,41413332598869,Moringa Energy Bar - Pack of 10,Natural Foods,NF0012900000,,43517333143637,0.2,kg,9,0.289,12,5,,52,-38,,0.00,108.00,,14
6971431682133,40710570672213,Mystic Moon Copper Cuff Bracelet. A festive gift.,Copper - Bracelet,0113889,,42815806963797,0.05,kg,12,0.023,14,,,,,,,,,12
6609373331541,39488401604693,Mystic Moon Key Chain,Home Decor - Key Chains,0601073,,41583414739029,0.03,kg,1,0.006,5,0,,1,0,,0.00,5.00,1.022727273,0
2518956179541,22101532901461,Mystic's Musings,Books - English,9788184959840,,22963156385877,0.55,kg,0,0.060,20,5,,11,-6,,0.00,0.00,,5
2518950084693,22101518581845,"Mystic's Musings, Tamil Edition (Sadhguru Gnanathin Bramandam)",Books - Tamil,9788187910817,,22963138003029,0.69,kg,1,0.000,20,0,,0,1,,0.00,20.00,,1
6609377853525,39488414646357,Mystical Dharba Grass Meditation Mat,Yoga Store - Dharba Grass Mats,0402048,,41583427780693,1.35,kg,0,0.052,57,6,,9,-3,,0.00,0.00,9.350649351,-3
6609378377813,39488417693781,Mystical Meditation Mat,Yoga Store - Cotton Mats,0402051,,41583430828117,0.54,kg,17,0.017,37,0,,3,14,,0.00,629.00,3.068181818,14
7030423617621,40875954536533,Nandhi Ladies Kurta Off White,Clothing - Women's Kurtas,0202545L,Large,42981364858965,0,kg,0,0.024,30,0,,4,-4,30,0.00,0.00,4.390243902,-4
7030423617621,40875954569301,Nandhi Ladies Kurta Off White,Clothing - Women's Kurtas,0202545M,Medium,42981364891733,0,kg,2,0.011,30,0,,2,0,,0.00,60.00,2.045454545,0
7030423617621,40875954602069,Nandhi Ladies Kurta Off White,Clothing - Women's Kurtas,0202545S,Small,42981364924501,0,kg,5,0.011,30,0,,2,3,,0.00,150.00,2.045454545,3
7030423617621,40875955355733,Nandhi Ladies Kurta Off White,Clothing - Women's Kurtas,0202545XL,XL,42981365678165,0.2,kg,1,0.007,30,0,,1,0,,0.00,30.00,1.285714286,0
4513914093653,31724177686613,Nandi Statue,Consecrated - Adiyogi Miniatures,0111106,,33465934086229,0.5,kg,2,0.057,22,5,,10,-3,15,7.50,44.00,10.28571429,-3
6609371103317,39488397082709,"Natural Homam (Havan) Incense, 5 Sticks",Home Decor - Incense Sticks,0110216,,41583410217045,0.04,kg,0,-1.000,4,0,,-180,180,,0.00,0.00,-180,180
4803684434005,32874648043605,"Natural Honey, 250 gm",Health - Honey,8905795000544,,34837701787733,0.3,kg,0,-1.000,10,0,,-180,180,,,0.00,-180,180
2518926917717,22101422178389,"Natural Honey, 500 gm",Health - Honey,8905795000537,,22963035242581,0.55,kg,0,-1.000,18,0,,-180,180,,0.00,0.00,-180,180
6887289552981,40471099736149,Natural Meditation Mat,Yoga Store - Cotton Mats,0402055,,42569586212949,0.6,kg,12,0.006,37,0,,1,11,10,6.00,444.00,1.022727273,11
2518813900885,22101130641493,"Neem & Turmeric Powder in Veg Caps Comb Pack, 100 pcs each",Health - Neem & Turmeric,HI0001000001,,22962710020181,0.3,kg,387,2.646,21,100,,,,,,,,487
6981546541141,40732930441301,Neem Powder (100 gm). Helps in daily detox,Health - Neem & Turmeric,HI0000906301,,42838225649749,0.12,kg,158,0.727,3,50,,131,77,,0.00,474.00,130.9090909,77
2518810034261,22101123235925,New Instant Sanjeevini Multigrain Health Drink Mix (250 gms). No sugar Added.,Natural Foods - Instant Sanjeevini,8905795000377,,22962696585301,0.32,kg,193,0.237,8,50,,43,200,,0.00,1447.50,42.63157895,200
7011626385493,40819887308885,New Instant Sanjeevini Multigrain Health Drink Mix(500 gms). No Added Sugar.,Natural Foods - Instant Sanjeevini,NF0006206901,,42925231800405,0.5,kg,335,1.330,13,0,,,,,,,,335
6604928122965,39469475627093,Nilavembu Kasayam Tab 60nos,Health - Nilavembu Kashayam,8905795001022,,41564395110485,0.15,kg,44,0.289,10,10,,52,2,,0.00,440.00,51.97183099,2
6611112951893,39492266786901,"Nilibhrngadi Thailam (Hair Oil), 100 ml",Body Care - Hair Oils,8905795000681,,41587330383957,0.12,kg,0,0.029,10,0,,5,-5,,0.00,0.00,5.172413793,-5
2518954803285,22101531099221,Of Mystics and Mistakes,Books - English,9788184953084,,22963150782549,0.4,kg,15,0.000,12,0,,0,15,10,4.00,180.00,0,15
6672669147221,39729089282133,"Ojasvini Herbal Snanam Powder (Bath Powder), 500 gm",Body Care - Bath Powder,8904256305334,,41825340194901,0.55,kg,29,0.336,15,10,,60,-21,,,435.00,60.41958042,-21
4737680408661,32597477851221,Organic Cotton Meditation Mat,Yoga Store - Cotton Mats,0402042,,34560498597973,0.6,kg,18,0.017,37,0,,3,15,,0.00,666.00,3.068181818,15
4737687650389,32597505605717,Organic Cotton Rug Yoga Mat,Yoga Store - Cotton Rug Mats,YS0011600000,,34560526352469,1.5,kg,6,0.023,77,0,,4,2,,0.00,462.00,4.090909091,2
4737682636885,32597484961877,Organic Cotton Yoga Mat Cover,Yoga Store - Yoga Mat Covers,0402041,,34560505708629,0.1,kg,5,0.023,10,6,,4,7,10,1.00,50.00,4.090909091,7
7110951403605,41093635178581,Organic Dharbha Grass Meditation yoga Mat,Yoga Store - Dharba Grass Mats,0402040,,43198049583189,1.1,kg,3,0.028,50,0,,5,-2,,0.00,150.00,5.113636364,-2
2518888448085,22101321973845,Organic Dhoti Pant - Black,Clothing - Unisex Dhoti Pants,0201110S,S,22962921799765,0.4,kg,13,0.006,22,0,,1,12,,0.00,286.00,1.022727273,12
2518888448085,22101322006613,Organic Dhoti Pant - Black,Clothing - Unisex Dhoti Pants,0201110M,M,22962921832533,0.4,kg,26,0.000,22,,,,,,,,,
2518888448085,22101322072149,Organic Dhoti Pant - Black,Clothing - Unisex Dhoti Pants,0201110L,L,22962921865301,0.4,kg,18,0.006,22,0,,1,17,,0.00,396.00,1.022727273,17
2518888448085,22101322104917,Organic Dhoti Pant - Black,Clothing - Unisex Dhoti Pants,0201110XL,XL,22962921898069,0.5,kg,0,-1.000,22,3,,-180,183,,0.00,0.00,-180,183
2518936322133,22101459402837,"Organic Incense Amber, 10 Sticks",Home Decor - Incense Sticks,0110041,,22963075776597,0.01,kg,0,-1.000,2,0,,-180,180,,0.00,0.00,-180,180
2518936551509,22101459927125,"Organic Incense Bergamot, 10 Sticks",Home Decor - Incense Sticks,HO0027600001,,22963076300885,0.24,kg,67,0.125,2,50,,23,95,,0.00,100.50,22.5,95
2518936584277,22101459959893,"Organic Incense Camphor, 10 Sticks",Home Decor - Incense Sticks,HO0027500001,,22963076333653,0.24,kg,20,0.312,2,50,,56,14,10,2.40,30.00,56.12903226,14
2518936420437,22101459796053,"Organic Incense Cinnamon, 10 Sticks",Home Decor - Incense Sticks,0110038,,22963076169813,0.01,kg,0,-1.000,2,0,,-180,180,,0.00,0.00,-180,180
2518936387669,22101459763285,"Organic Incense Clove, 10 Sticks",Home Decor - Incense Sticks,0110039,,22963076038741,0.01,kg,0,-1.000,2,0,,-180,180,,,0.00,-180,180
2518937337941,22101464088661,"Organic Incense Jasmine, 50 Sticks",Home Decor - Incense Sticks,HO0026817101,,22963080462421,0.25,kg,38,0.875,6,75,,,,,,,,113
2518936780885,22101460123733,"Organic Incense Lavander, 10 Sticks",Home Decor - Incense Sticks,0110028,,22963079610453,0.01,kg,0,0.569,2,50,,,,,,,,50
2518936715349,22101460058197,"Organic Incense Lotus, 10 Sticks",Home Decor - Incense Sticks,HO0027200001,,22963078135893,0.24,kg,63,0.396,2,50,,71,42,,0.00,94.50,71.19402985,42
2518936748117,22101460090965,"Organic Incense Musk, 10 Sticks",Home Decor - Incense Sticks,HO0027100001,,22963079577685,0.24,kg,14,0.343,2,50,,62,2,,0.00,21.00,61.80722892,2
2518936485973,22101459861589,"Organic Incense Nagachampa, 10 Sticks",Home Decor - Incense Sticks,HO0027817001,,22963076235349,0.24,kg,0,0.512,2,50,,92,-42,,0.00,0.00,92.12598425,-42
2518936453205,22101459828821,"Organic Incense Night Queen, 10 Sticks",Home Decor - Incense Sticks,HO0027900001,,22963076202581,0.24,kg,65,0.267,2,0,,48,17,,0.00,97.50,48.06818182,17
2518936649813,22101460025429,"Organic Incense Sage, 10 Sticks",Home Decor - Incense Sticks,HO0027300001,,22963076399189,0.24,kg,34,0.580,2,30,,104,-40,,0.00,51.00,104.3181818,-40
2518936911957,22101461303381,Organic Incense Sandal - 10 Sticks,Home Decor - Incense Sticks,HO0026917001,,22963079741525,0.24,kg,0,0.750,2,50,,135,-85,,0.00,0.00,135,-85
2649942589525,22870294298709,"Organic Incense Sandal, 50 Sticks",Home Decor - Incense Sticks,HO0026917101,,24020209041493,0.25,kg,159,2.025,6,100,,365,-106,,0.00,954.00,364.5,-106
2518936354901,22101459730517,"Organic Incense Vanila Yalang, 10 Sticks",Home Decor - Incense Sticks,HO0028200001,,22963075874901,0.01,kg,30,0.460,2,20,,83,-33,,0.00,45.00,82.84090909,-33
7030424305749,40875957551189,Organic Mens Om Kurta Maroon,Clothing - Men's Kurtas,0201201S,S,42981367873621,0.1,kg,3,0.011,22,0,,2,1,,0.00,66.00,2.045454545,1
7030424305749,40875957583957,Organic Mens Om Kurta Maroon,Clothing - Men's Kurtas,0201201M,M,42981367906389,0.1,kg,3,0.017,22,0,,,,,,,,3
7030424305749,40875957616725,Organic Mens Om Kurta Maroon,Clothing - Men's Kurtas,0201201L,L,42981367939157,0.1,kg,4,0.011,22,0,,2,2,,0.00,88.00,2.045454545,2
7030424305749,40875957649493,Organic Mens Om Kurta Maroon,Clothing - Men's Kurtas,0201201XL,XL,42981367971925,0.1,kg,0,0.008,22,0,,2,-2,20,2.00,0.00,1.512605042,-2
7030424043605,40875956797525,Organic Plain Dhoti Pant Indigo,Clothing - Unisex Dhoti Pants,0201228,L,42981367119957,0.15,kg,3,0.011,35,0,,2,1,,0.00,105.00,2.045454545,1
7030424043605,40875956830293,Organic Plain Dhoti Pant Indigo,Clothing - Unisex Dhoti Pants,0201228,M,42981367152725,0.15,kg,1,0.006,35,0,,1,0,,0.00,35.00,1.022727273,0
7030424043605,40875956863061,Organic Plain Dhoti Pant Indigo,Clothing - Unisex Dhoti Pants,0201228,S,42981367185493,0.15,kg,3,0.000,35,0,,0,3,,0.00,105.00,0,3
7030424043605,40875956895829,Organic Plain Dhoti Pant Indigo,Clothing - Unisex Dhoti Pants,0201228,XL,42981367218261,0.15,kg,2,0.000,35,0,,0,2,,,70.00,0,2
7030424141909,40875957059669,Organic Plain Dhoti Pant Olive,Clothing - Unisex Dhoti Pants,,S,42981367382101,0.15,kg,6,0.007,35,0,,1,5,,0.00,210.00,,6
7030424141909,40875957092437,Organic Plain Dhoti Pant Olive,Clothing - Unisex Dhoti Pants,,M,42981367414869,0.15,kg,9,0.000,35,0,,0,9,50,7.50,315.00,0,9
7030424141909,40875957125205,Organic Plain Dhoti Pant Olive,Clothing - Unisex Dhoti Pants,,L,42981367447637,0.15,kg,8,0.000,35,0,,0,8,,,280.00,0,8
7030424141909,40875957157973,Organic Plain Dhoti Pant Olive,Clothing - Unisex Dhoti Pants,,XL,42981367480405,0.15,kg,3,0.000,35,0,,0,3,,0.00,105.00,0,3
4352093913173,31147537432661,Organic Pranayam Cushion,Yoga Store - Pranayam Cushions,0402039,,32667952545877,0.2,kg,1,0.108,10,10,,19,-8,,,10.00,19.43181818,-8
6981546442837,40732929917013,Organic Turmeric (Haldi) Powder,Health - Neem & Turmeric,8905795000292,,42838225125461,0.1,kg,185,1.387,5,100,,250,35,,0.00,925.00,249.6350365,35
7030424174677,40875957223509,Organic Unisex Printed Dhoti Pant Indigo,Clothing - Unisex Dhoti Pants,0201233,S,42981367545941,0.15,kg,6,0.000,40,0,,,,,,,,6
7030424174677,40875957256277,Organic Unisex Printed Dhoti Pant Indigo,Clothing - Unisex Dhoti Pants,0201233,M,42981367578709,0.15,kg,1,0.000,40,0,,0,1,,0.00,40.00,0,1
7030424174677,40875957289045,Organic Unisex Printed Dhoti Pant Indigo,Clothing - Unisex Dhoti Pants,0201233,L,42981367611477,0.15,kg,2,0.000,40,0,,0,2,10,1.50,80.00,0,2
7030424174677,40875957321813,Organic Unisex Printed Dhoti Pant Indigo,Clothing - Unisex Dhoti Pants,0201233,XL,42981367644245,0.15,kg,2,0.000,40,0,,0,2,,0.00,80.00,0,2
7024165716053,40862690345045,Padam Plate - Small,Copper - Drinkware,0111052,,42968092508245,0.05,kg,3,0.000,17,0,,0,3,,0.00,51.00,0,3
6611062620245,39492213211221,Pancha Bhuta Dharba Grass Meditation Mat,Yoga Store - Dharba Grass Mats,0402062,,41587276808277,1.38,kg,6,0.017,57,0,,3,3,,0.00,342.00,3.068181818,3
6539682119765,39255679205461,Pancha Bhuta Kit,,PBK_SG_1,,41349573410901,0.5,kg,571,0.074,15,0,,,,,,,,571
6611061604437,39492212129877,Pancha Bhuta Meditation Mat,Yoga Store - Cotton Mats,0402063,,41587275726933,0.5,kg,11,0.011,35,0,,2,9,20,10.00,385.00,2.045454545,9
6611060457557,39492210982997,Pancha Bhuta Pranayam Cushion,Yoga Store - Pranayam Cushions,0402061,,41587274580053,0.24,kg,26,0.105,10,20,,,,,,,,46
6611059474517,39492209934421,Pancha Bhuta Yoga Mat Cover,Yoga Store - Yoga Mat Covers,0402064,,41587273531477,0.11,kg,23,0.006,10,0,,1,22,,0.00,230.00,1.022727273,22
2518918856789,22101394161749,Panchamukhi Rudraksha Mala - Bead size 5 mm,Consecrated - Rudrakshas,0111007,,22963003457621,0.2,kg,55,0.159,84,,,,,,,,,55
2518919577685,22101397078101,Panchamukhi Rudraksha Mala - Bead size 7 mm,Consecrated - Rudrakshas,0111003,,22963006832725,0.2,kg,51,0.085,36,0,,15,36,,0.00,1836.00,,51
7010345484373,40817175724117,Pickup In store,,pickup-in-store,,42922650239061,96000,kg,99999,0.000,0,0,,0,99999,10,960000.00,0.00,,99999
7013156028501,40826278182997,Pickup In store,,pickup-in-store,,42931617136725,96000,kg,99998,0.000,0,0,,0,99998,10,960000.00,0.00,0,99998
4743349338197,32627641286741,Printed Cotton Bag 1 (Sun),Yoga Store - Bags,0101006,,34590663082069,0.2,kg,1,0.000,4,0,,0,1,,0.00,4.00,0,1
4743351238741,32627685294165,Printed Cotton Bag 2 (Star),Yoga Store - Bags,0101007,,34590707089493,2.1,kg,8,0.006,4,0,,1,7,,0.00,32.00,1.022727273,7
4737685586005,32597496987733,Printed Organic Cotton Bag (Play),Yoga Store - Bags,0101474,,34560517734485,0.09,kg,7,0.000,4,0,,0,7,,0.00,28.00,0,7
4737684013141,32597491089493,Printed Organic Cotton Bag (Reality),Yoga Store - Bags,0101478,,34560511836245,0.08,kg,23,0.000,4,0,,,,,,,,23
6937315475541,40641834745941,Pure A2 Desi Cow Ghee(500gm),Foods - Ghee,NF0003106901,,42747247689813,0.6,kg,45,0.698,48,50,,126,-31,,0.00,2160.00,125.6115108,-31
4803684139093,32874647453781,Pure Multifloral Honey - 500 gms,Health - Honey,8905795000568,,34837701197909,0.6,kg,0,-1.000,15,0,,,,,,,,0
7278776582229,42068102021205,Ragi Dosa Mix 200g,Natural foods,NF0002906601,,44190211178581,0.22,kg,2,0.079,5,0,,14,-12,10,2.20,10.00,14.21052632,-12
2518905782357,22101356806229,"Raw Himalayan Honey, 500 gm",Health - Honey,8905795000551,,22962959974485,0.6,kg,208,1.239,20,0,,223,-15,,,4160.00,,208
6611085754453,39492238999637,"Rose Powder Face Pack, 50 gm",Body Care - Face Pack,8905795000667,,41587302596693,0.07,kg,29,0.064,5,5,,12,22,,0.00,145.00,11.57142857,22
7023912288341,40862101110869,Sadhguru Photo - 20x20 (With Frame),Photos,0801252,,42967507304533,0.2,kg,2,0.017,30,0,,3,-1,,0.00,60.00,3.068181818,-1
6970712817749,40708477386837,Sadhguru Quote Copper Bottle- Black. For storing and drinking water. A festive gift for home and office.,Yoga Store - Copper Bottles,0601141,,42813712990293,0.3,kg,20,0.011,48,,,,,,,,,
6970715406421,40708480303189,Sadhguru Quote Copper Bottle. For storing and drinking water. A festive gift for home and office.,Yoga Store - Copper Bottles,0601139,,42813715906645,0.3,kg,5,0.011,36,10,,2,13,,0.00,180.00,2.045454545,13
6973831413845,40716714246229,Samyama Mens Organic Cotton Sadhana Kurta - White,Clothing - Men's Kurtas,0201119S,Small,42821975408725,0.25,kg,11,0.000,25,0,,0,11,20,5.00,275.00,0,11
6973831413845,40716714278997,Samyama Mens Organic Cotton Sadhana Kurta - White,Clothing - Men's Kurtas,0201119M,Medium,42821975441493,0.25,kg,6,0.000,24,0,,0,6,,0.00,142.26,0,6
6973831413845,40716714311765,Samyama Mens Organic Cotton Sadhana Kurta - White,Clothing - Men's Kurtas,0201119L,Large,42821975474261,0.25,kg,10,0.017,24,0,,3,7,,0.00,237.10,3.068181818,7
6973831610453,40716715556949,Samyama Unisex Organic Cotton Half-sleeve Sadhana T-Shirt - White,Clothing - Unisex T-Shirts,0401162S,Small,42821976719445,0.15,kg,12,0.028,15,0,,5,7,,0.00,180.00,5.113636364,7
6973831610453,40716715589717,Samyama Unisex Organic Cotton Half-sleeve Sadhana T-Shirt - White,Clothing - Unisex T-Shirts,0401162M,Medium,42821976752213,0.15,kg,8,0.070,15,10,,13,5,,0.00,120.00,12.65625,5
6973831610453,40716715622485,Samyama Unisex Organic Cotton Half-sleeve Sadhana T-Shirt - White,Clothing - Unisex T-Shirts,0401162L,Large,42821976784981,0.15,kg,8,0.023,15,0,,4,4,,0.00,120.00,4.090909091,4
7054059405397,40940797231189,Samyama Unisex Organic Cotton Sadhana Full-Sleeve T-Shirt - Orange,Clothing - Unisex T-Shirts,0401160,L,43047037698133,0,kg,0,0.091,25,0,,16,-16,,,0.00,16.36363636,-16
7054059405397,40940797263957,Samyama Unisex Organic Cotton Sadhana Full-Sleeve T-Shirt - Orange,Clothing - Unisex T-Shirts,0401161,M,43047037730901,0,kg,0,-1.000,25,0,,-180,180,,0.00,0.00,-180,180
7054059405397,40940797296725,Samyama Unisex Organic Cotton Sadhana Full-Sleeve T-Shirt - Orange,Clothing - Unisex T-Shirts,0401162,S,43047037763669,0,kg,3,0.000,25,0,,0,3,,0.00,75.00,0,3
2518865379413,40716710117461,Samyama Unisex Organic Cotton Sadhana Half-Sleeve T-Shirt - Orange,Mens - Tees,0401161S,Small,42821971279957,0.15,kg,15,0.000,17,0,,0,15,,0.00,255.00,0,15
2518865379413,40716710150229,Samyama Unisex Organic Cotton Sadhana Half-Sleeve T-Shirt - Orange,Mens - Tees,0401161M,Medium,42821971312725,0.15,kg,6,0.017,17,0,,3,3,,0.00,102.00,,6
2518865379413,40716710182997,Samyama Unisex Organic Cotton Sadhana Half-Sleeve T-Shirt - Orange,Mens - Tees,0401161L,Large,42821971345493,0.15,kg,7,0.006,17,0,,1,6,,0.00,119.00,1.022727273,6
6973831151701,40716713394261,Samyama Womens Organic Cotton Sadhana Kurta - White,Clothing - Women's Kurtas,0202535S,Small,42821974556757,0.25,kg,0,0.017,24,0,,3,-3,,0.00,0.00,3.025210084,-3
6973831151701,40716713427029,Samyama Womens Organic Cotton Sadhana Kurta - White,Clothing - Women's Kurtas,0202535M,Medium,42821974589525,0.25,kg,4,0.000,24,0,,0,4,,0.00,94.84,0,4
6973831151701,40716713459797,Samyama Womens Organic Cotton Sadhana Kurta - White,Clothing - Women's Kurtas,0202535L,Large,42821974622293,0.25,kg,5,0.049,24,5,,9,1,,0.00,118.55,8.780487805,1
6704886906965,39891127959637,"Sanjeevini Multigrain Health Drink Mix, 500 gm",Natural Foods - Regular Sanjeevini,NF0006106901,,41987458826325,0.6,kg,351,1.188,10,0,,,,,,,,351
6887291650133,40471102455893,Sanjeevini Pain Reliever Oil 100ml,Health - Pain Relief Oils,HI0002103101,,42569588932693,0.15,kg,25,0.400,11,0,,72,-47,,0.00,275.00,72,-47
7030634512469,40876371378261,Sannidhi Sutra (big),Consecrated - Sutra,0111172,,42981781405781,0.05,kg,10,0.000,3,0,,0,10,,0.00,30.00,0,10
4787797590101,32811223941205,"Set of 2 Mystic Moon Copper Glass, 200 ml each",Yoga Store - Copper Tumblers,0601106,,34774247571541,0.28,kg,0,-1.000,25,0,,,,,,,,0
6611066486869,39492217274453,"Set of 2 Rally for Rivers Copper Glass, 200 ml each",Yoga Store - Copper Tumblers,0601105,,41587280871509,0.28,kg,0,-1.000,25,0,,-180,180,,0.00,0.00,-180,180
6991666643029,40763653849173,Set of 2 Two Finish Coffee Mugs In Wooden Tray,,0106846,,42869056766037,0.1,kg,3,0.000,24,0,,0,3,20,2.00,72.00,0,3
6660691263573,39649513930837,Shivanga Kit with Mala,"Yoga Programmes Kit Supplies (PBK, Bhutashudhi)",0111267,,41745630658645,0.5,kg,0,0.122,15,0,,22,-22,,0.00,0.00,22.04081633,-22
4834436251733,32969126084693,Shivanga Kit without Mala,"Yoga Programmes Kit Supplies (PBK, Bhutashudhi)",0111268,,34932295041109,0.5,kg,40,0.051,12,0,,9,31,,0.00,480.00,9.204545455,31
6971430928469,40710564675669,Slim copper cuff. Traditional kada design. Made of pure copper,Copper - Bracelet,0113891,,42815800967253,0.05,kg,0,-1.000,12,,,,,,,,,
6970499006549,40708000088149,"Small Copper Water Bottle With Sadhguru Quote, 500ml",Yoga Store - Copper Bottles,0111270,,42813235691605,0.4,kg,10,0.071,28,0,,13,-3,10,4.00,280.00,12.85714286,-3
2518914596949,22101381611605,Snake Dhoop Stand (Copper),Home Decor - Incense Stands,0111046,,22962988056661,0.28,kg,0,0.045,27,0,,8,-8,180,50.40,0.00,8.181818182,-8
7034193477717,40884743831637,Sterling Silver (92.5) Adiyogi Hammered Cuff,Jewellery - Bracelets,CA0119800000,,42990165262421,0.025,kg,2,0.000,250,0,,0,2,,0.00,500.00,0,2
4742671827029,32623695724629,"Sukku Banam Coffee (Caffeine-free), 75 gm",Beverages,8908005905486,,34586717519957,0.1,kg,0,0.113,5,0,,20,-20,,0.00,0.00,20.25,-20
7005496082517,40803925590101,Surya Chandra Copper Ring,Jewellery - Copper,CA0120700000,,42909343187029,7,g,0,-1.000,6,0,,,,,,,,0
4744709963861,32633757335637,Surya Namaskar Mug,Yoga Store - Mugs,0106501,,34596779130965,0.5,kg,3,0.000,10,0,,,,,,,,3
6762725638229,40073949839445,Thaai Mann - Consecrated Bhoomi for Sadhana Support,Consecrated - Dhyanalinga,0111286,,42171405729877,0.12,kg,0,-1.000,5,0,,-180,180,,0.00,0.00,-180,180
6611095814229,39492249256021,"Thayir Sundi Capsule (Gastric Relief), 20 pcs",Health - Digestive,8905795000919,,41587312853077,0.03,kg,0,-1.000,4,0,,-180,180,,0.00,0.00,-180,180
6920001454165,40580268785749,Thread for Restringing Rudraksha Mala,Consecrated - Rudrakshas,SILK_THREAD_RUDRAKSH,,42685489676373,0.05,kg,27,0.074,2,0,,13,14,,0.00,54.00,13.29545455,14
6916674388053,40557664534613,Triphala Chooranam Tablet,Health - Herbal Supplements,HI0003200001,,42662874873941,0.15,kg,80,0.784,6,75,,141,14,,0.00,480.00,141.1510791,14
2518924394581,22101413265493,"Triphala Chooranam, 100 gm",Health,HI0003306301,,22963023020117,0.2,kg,12,0.189,6,20,,34,-2,,0.00,66.00,33.94285714,-2
7005503881301,40803948986453,Trishul Adjustable Brass Cuff,Jewellery - Bracelets,CA0120300000,,42909366583381,12,g,19,0.040,9,0,,7,12,,0.00,171.00,7.159090909,12
4520719646805,31747028877397,Tulsi Honey 250g,Health - Honey,8905795000520,,33508960108629,0.3,kg,0,-1.000,11,0,,-180,180,,0.00,0.00,-180,180
2518926852181,22101422112853,"Tulsi Honey, 500 gm",Health - Honey,8905795000513,,22963035177045,0.64,kg,0,-1.000,21,0,,,,,,,,0
4559944187989,31855926902869,"Tulsi Tablet, 60 pcs - Respiratory support",Health - Herbal Supplements,8905795000841,,33717612675157,0.15,kg,56,0.350,5,20,,63,13,,0.00,280.00,63,13
7031720607829,40878681423957,Unisex 7 steps IE T-Shirt Chinese,Clothing - Unisex T-Shirts,CA0141100200,S,42984095580245,0.1,kg,13,0.000,5,0,,0,13,,,65.00,0,13
7031720607829,40878681456725,Unisex 7 steps IE T-Shirt Chinese,Clothing - Unisex T-Shirts,CA0141100100,XS,42984095613013,0.1,kg,4,0.000,5,0,,0,4,,0.00,20.00,0,4
7031720607829,40878681489493,Unisex 7 steps IE T-Shirt Chinese,Clothing - Unisex T-Shirts,CA0141100300,M,42984095645781,0.1,kg,9,0.006,5,,,,,,,,,9
7031720607829,40878681522261,Unisex 7 steps IE T-Shirt Chinese,Clothing - Unisex T-Shirts,CA0141100400,L,42984095678549,0.1,kg,8,0.000,5,0,,0,8,30,3.00,40.00,0,8
7031720607829,40878681555029,Unisex 7 steps IE T-Shirt Chinese,Clothing - Unisex T-Shirts,CA0141100500,XL,42984095711317,0.1,kg,5,0.000,5,,,,,,,,,5
7031720607829,40878681587797,Unisex 7 steps IE T-Shirt Chinese,Clothing - Unisex T-Shirts,CA0141100600,XXL,42984095744085,0.1,kg,4,0.000,5,,,,,,,,,4
2548162723925,22323493765205,Unisex Black Adiyogi Printed Full Sleeve T-Shirt,Clothing - Unisex T-Shirts,0401177S,S,23262398251093,0.19,kg,19,0.011,18,0,,2,17,,0.00,332.50,2.045454545,17
2548162723925,22323493797973,Unisex Black Adiyogi Printed Full Sleeve T-Shirt,Clothing - Unisex T-Shirts,0401177M,M,23262398283861,0.21,kg,1,0.000,18,0,,0,1,10,2.10,17.50,0,1
2548162723925,22323493732437,Unisex Black Adiyogi Printed Full Sleeve T-Shirt,Clothing - Unisex T-Shirts,0401177L,L,23262398218325,0.22,kg,7,0.017,18,0,,3,4,,0.00,122.50,3.068181818,4
2548160069717,22323483639893,Unisex Blue Adiyogi Printed Full Sleeve T-Shirt,Clothing - Unisex T-Shirts,0401176S,S,23262386323541,0.19,kg,0,-1.000,18,0,,-180,180,,0.00,0.00,-180,180
2548160069717,22323491766357,Unisex Blue Adiyogi Printed Full Sleeve T-Shirt,Clothing - Unisex T-Shirts,0401176M,M,23262396710997,0.21,kg,4,0.000,18,0,,0,4,,,70.00,0,4
2548160069717,22323483607125,Unisex Blue Adiyogi Printed Full Sleeve T-Shirt,Clothing - Unisex T-Shirts,0401176L,L,23262386290773,0.22,kg,1,0.017,18,0,,3,-2,,0.00,17.50,3.068181818,-2
2518808461397,32627586170965,Unisex Cotton Anand Copper Printed T-shirt - Olive,Clothing - Unisex T-Shirts,0401135S,S,34590607966293,0.15,kg,0,-1.000,18,5,,-180,185,,0.00,0.00,-180,185
2518808461397,32627586203733,Unisex Cotton Anand Copper Printed T-shirt - Olive,Clothing - Unisex T-Shirts,0401135M,M,34590607999061,0.15,kg,0,-1.000,18,0,,-180,180,,0.00,0.00,,0
2518808461397,32627586236501,Unisex Cotton Anand Copper Printed T-shirt - Olive,Clothing - Unisex T-Shirts,0401135L,L,34590608064597,0.15,kg,0,-1.000,18,,,,,,,,,
2518808461397,32627586269269,Unisex Cotton Anand Copper Printed T-shirt - Olive,Clothing - Unisex T-Shirts,0401135XL,XL,34590608097365,0.15,kg,2,0.000,18,,,,,,,,,
4737780285525,32598080651349,Unisex Cotton Hatha Yoga Printed T-shirt - Ecru,Clothing - Unisex T-Shirts,0401152S,S,34561101398101,0.17,kg,1,0.000,18,,,,,,,,,
4737780285525,32598080684117,Unisex Cotton Hatha Yoga Printed T-shirt - Ecru,Clothing - Unisex T-Shirts,0401152M,M,34561101430869,0.17,kg,0,-1.000,18,,,,,,,,,
4737780285525,32598080716885,Unisex Cotton Hatha Yoga Printed T-shirt - Ecru,Clothing - Unisex T-Shirts,0401152L,L,34561101463637,0.17,kg,11,0.000,18,,,,,,,,,
4737780285525,32598080749653,Unisex Cotton Hatha Yoga Printed T-shirt - Ecru,Clothing - Unisex T-Shirts,0401152XL,XL,34561101496405,0.17,kg,6,0.006,18,,,,,,,,,
2518808690773,32597961474133,Unisex Cotton Karma Copper Printed T-shirt - Grey,Clothing - Unisex T-Shirts,0401138S,S,34560982220885,0.16,kg,6,0.000,18,,,,,,,,,
2518808690773,32597961506901,Unisex Cotton Karma Copper Printed T-shirt - Grey,Clothing - Unisex T-Shirts,0401138M,M,34560982253653,0.16,kg,0,0.006,18,0,,1,-1,,0.00,0.00,1.104294479,-1
2518808690773,32597961539669,Unisex Cotton Karma Copper Printed T-shirt - Grey,Clothing - Unisex T-Shirts,0401138L,L,34560982286421,0.16,kg,7,0.006,18,0,,1,6,,0.00,122.50,1.022727273,6
2518808690773,32597961572437,Unisex Cotton Karma Copper Printed T-shirt - Grey,Clothing - Unisex T-Shirts,0401138XL,XL,34560982319189,0.16,kg,5,0.000,18,,,,,,,,,5
2518808756309,32597853405269,Unisex Cotton Moon Silver Printed T-shirt - Dark Grey,Clothing - Unisex T-Shirts,0401131S,S,34560874152021,0.4,kg,2,0.000,18,0,,0,2,,0.00,35.00,0,2
2518808756309,32597853438037,Unisex Cotton Moon Silver Printed T-shirt - Dark Grey,Clothing - Unisex T-Shirts,0401131M,M,34560874184789,0.4,kg,1,0.000,18,,,,,,,,,
2518808756309,32597853470805,Unisex Cotton Moon Silver Printed T-shirt - Dark Grey,Clothing - Unisex T-Shirts,0401131L,L,34560874217557,0.4,kg,6,0.000,18,0,,0,6,,0.00,105.00,0,6
2518808756309,32597853503573,Unisex Cotton Moon Silver Printed T-shirt - Dark Grey,Clothing - Unisex T-Shirts,0401131XL,XL,34560874250325,0.4,kg,11,0.006,18,0,,,,,,,,11
4737772912725,32598031302741,Unisex Cotton Ultimate Outlaw Printed T-shirt - Peach,Clothing - Unisex T-Shirts,0401149S,S,34561052049493,0.14,kg,0,-1.000,18,0,,-180,180,,0.00,0.00,-180,180
4737772912725,32598031335509,Unisex Cotton Ultimate Outlaw Printed T-shirt - Peach,Clothing - Unisex T-Shirts,0401149M,M,34561052082261,0.15,kg,0,-1.000,18,,,,,,,,,
4737772912725,32598031368277,Unisex Cotton Ultimate Outlaw Printed T-shirt - Peach,Clothing - Unisex T-Shirts,0401149L,L,34561052115029,0.16,kg,1,0.006,18,0,,1,0,50,8.00,17.50,,1
4737772912725,32598031401045,Unisex Cotton Ultimate Outlaw Printed T-shirt - Peach,Clothing - Unisex T-Shirts,0401149XL,XL,34561052147797,0.18,kg,7,0.000,18,0,,0,7,,0.00,122.50,0,7
6983684325461,40738878685269,Unisex IE 7 Step T-shirt,,CA0118700100,XS,42844174745685,0,kg,29,0.000,8,0,,0,29,,0.00,232.00,0,29
6983684325461,40738878718037,Unisex IE 7 Step T-shirt,,CA0118700200,S,42844174778453,0,kg,46,0.000,8,0,,0,46,,0.00,368.00,0,46
6983684325461,40738878750805,Unisex IE 7 Step T-shirt,,CA0118700300,M,42844174811221,0,kg,57,0.023,8,0,,4,53,20,0.00,456.00,4.090909091,53
6983684325461,40738878783573,Unisex IE 7 Step T-shirt,,CA0118700400,L,42844174843989,0,kg,39,0.023,8,0,,4,35,,0.00,312.00,4.090909091,35
6983684325461,40738878816341,Unisex IE 7 Step T-shirt,,CA0118700500,XL,42844174876757,0,kg,33,0.006,8,0,,1,32,,0.00,264.00,1.022727273,32
6983684325461,40738878849109,Unisex IE 7 Step T-shirt,,CA0118700600,XXL,42844174909525,0,kg,47,0.000,8,0,,0,47,20,0.00,376.00,0,47
2518799908949,32596843855957,Unisex Moon Printed Track Pants - Dark Grey,Clothing - Unisex Track Pants,0401140S,Small,34559864602709,0.27,kg,31,0.000,22,0,,0,31,,0.00,682.00,0,31
2518799908949,32596843888725,Unisex Moon Printed Track Pants - Dark Grey,Clothing - Unisex Track Pants,0401140M,Medium,34559864635477,0.27,kg,20,0.000,22,0,,0,20,,0.00,440.00,0,20
2518799908949,32596843921493,Unisex Moon Printed Track Pants - Dark Grey,Clothing - Unisex Track Pants,0401140L,Large,34559864668245,0.27,kg,19,0.006,22,0,,1,18,,0.00,418.00,1.022727273,18
2518800171093,22101095186517,Unisex Moon Printed Track Pants - Light Grey,Clothing - Unisex Track Pants,0401141S,Small,22962670895189,0.27,kg,2,0.000,22,0,,0,2,,0.00,44.00,0,2
2518800171093,22333084139605,Unisex Moon Printed Track Pants - Light Grey,Clothing - Unisex Track Pants,0401141M,Medium,23277318144085,0.27,kg,4,0.006,22,0,,1,3,,0.00,88.00,,4
2518800171093,22333082697813,Unisex Moon Printed Track Pants - Light Grey,Clothing - Unisex Track Pants,0401141L,Large,23277313359957,0.27,kg,21,0.011,22,0,,2,19,,0.00,462.00,2.045454545,19
7233192165461,41844582711381,Unisex Nandi Printed Organic Cotton T-Shirt - Off White,Clothing - Unisex T-Shirts,0401165 S,S,43956821229653,0,kg,4,0.007,15,0,,1,3,,0.00,60.00,1.285714286,3
7233192165461,41844582744149,Unisex Nandi Printed Organic Cotton T-Shirt - Off White,Clothing - Unisex T-Shirts,0401165 M,M,43956821262421,0,kg,4,0.007,15,0,,1,3,,0.00,60.00,1.285714286,3
7233192165461,41844582776917,Unisex Nandi Printed Organic Cotton T-Shirt - Off White,Clothing - Unisex T-Shirts,0401165 L,L,43956821295189,0,kg,10,0.007,15,,,,,,,,,
7233192165461,41844582809685,Unisex Nandi Printed Organic Cotton T-Shirt - Off White,Clothing - Unisex T-Shirts,0401165 XL,XL,43956821327957,0,kg,1,0.000,15,0,,,,,,,,1
6611223117909,39504319348821,Unisex Organic Cotton Sadhana Track Pant - White,Clothing - Unisex Track Pants,0401164M,M,41599497044053,0.2,kg,0,0.238,15,12,,43,-31,,0.00,0.00,42.85714286,-31
6611223117909,39492766040149,Unisex Organic Cotton Sadhana Track Pant - White,Clothing - Unisex Track Pants,0401164S,S,41587841269845,0.2,kg,0,0.104,15,10,,19,-9,10,2.00,0.00,18.75,-9
6611223117909,40471080632405,Unisex Organic Cotton Sadhana Track Pant - White,Clothing - Unisex Track Pants,0401164L,L,42569567109205,0.2,kg,11,0.040,15,0,,7,4,,0.00,165.00,7.159090909,4
6611223117909,40471080665173,Unisex Organic Cotton Sadhana Track Pant - White,Clothing - Unisex Track Pants,0401164XL,XL,42569567141973,0.2,kg,12,0.040,15,0,,7,5,,0.00,180.00,7.159090909,5
2518798073941,22333106585685,Unisex Peach Cotton Ananta Copper Printed T-Shirt,Clothing - Unisex T-Shirts,0401134S,S,23277350813781,0.19,kg,2,0.006,18,0,,1,1,,0.00,35.00,,2
2518798073941,22333103177813,Unisex Peach Cotton Ananta Copper Printed T-Shirt,Clothing - Unisex T-Shirts,0401134M,M,23277347110997,0.19,kg,3,0.011,18,0,,2,1,,,52.50,2.045454545,1
2518798073941,22101092761685,Unisex Peach Cotton Ananta Copper Printed T-Shirt,Clothing - Unisex T-Shirts,0401134L,L,22962662801493,0.19,kg,0,-1.000,18,0,,-180,180,,0.00,0.00,-180,180
2518798073941,40522064560213,Unisex Peach Cotton Ananta Copper Printed T-Shirt,Clothing - Unisex T-Shirts,,XL,42627238887509,0.19,kg,0,-1.000,18,0,,,,,,,,0
7140105158741,41413329977429,Unisex Save Soil Logo Short Sleeve Organic Cotton Navy Blue T-Shirt,Clothing - Unisex T-Shirts,0401208 S,S,43517330522197,0.1,kg,15,0.007,15,0,,1,14,,,225.00,1.232876712,14
7140105158741,41413330010197,Unisex Save Soil Logo Short Sleeve Organic Cotton Navy Blue T-Shirt,Clothing - Unisex T-Shirts,0401208 M,M,43517330554965,0.1,kg,13,0.017,15,0,,3,10,,0.00,195.00,,13
7140105158741,41413330042965,Unisex Save Soil Logo Short Sleeve Organic Cotton Navy Blue T-Shirt,Clothing - Unisex T-Shirts,0401208 L,L,43517330587733,0.1,kg,2,0.033,15,3,,6,-1,5,0.50,30.00,5.901639344,-1
7140105158741,41413330075733,Unisex Save Soil Logo Short Sleeve Organic Cotton Navy Blue T-Shirt,Clothing - Unisex T-Shirts,0401208 XL,XL,43517330620501,0.1,kg,3,0.000,15,0,,0,3,,0.00,45.00,0,3
6739208699989,39995268792405,Unisex Save Soil Long Sleeve T-Shirt,Clothing - Unisex T-Shirts,040112_LS_S,S,42092062703701,0.17,kg,0,-1.000,12,0,,-180,180,,0.00,0.00,-180,180
6739208699989,39995268825173,Unisex Save Soil Long Sleeve T-Shirt,Clothing - Unisex T-Shirts,040112_LS_M,M,42092062736469,0.17,kg,10,0.011,12,0,,2,8,,0.00,120.00,2.045454545,8
6739208699989,39995268857941,Unisex Save Soil Long Sleeve T-Shirt,Clothing - Unisex T-Shirts,040112_LS_L,L,42092062769237,0.17,kg,11,0.000,12,0,,0,11,,0.00,132.00,0,11
6739208699989,39995268890709,Unisex Save Soil Long Sleeve T-Shirt,Clothing - Unisex T-Shirts,040112_LS_XL,XL,42092062802005,0.17,kg,0,-1.000,12,0,,-180,180,,0.00,0.00,,0
7140105257045,41413330731093,Unisex Save Soil Print Short Sleeve Organic Cotton Olive Green T-Shirt,Clothing - Unisex T-Shirts,CA0078100200,S,43517331275861,0.1,kg,6,0.000,15,0,,0,6,,0.00,90.00,0,6
7140105257045,41413330763861,Unisex Save Soil Print Short Sleeve Organic Cotton Olive Green T-Shirt,Clothing - Unisex T-Shirts,CA0078100300,M,43517331308629,0.1,kg,6,0.006,15,0,,,,,,,,6
7140105257045,41413330796629,Unisex Save Soil Print Short Sleeve Organic Cotton Olive Green T-Shirt,Clothing - Unisex T-Shirts,CA0078100400,L,43517331341397,0.1,kg,5,0.000,15,0,,0,5,,0.00,75.00,0,5
7140105257045,41413330829397,Unisex Save Soil Print Short Sleeve Organic Cotton Olive Green T-Shirt,Clothing - Unisex T-Shirts,CA0078100500,XL,43517331374165,0.1,kg,2,0.000,15,0,,0,2,,0.00,30.00,0,2
6739207356501,40023586603093,Unisex Save Soil Short Sleeve T-Shirt,Clothing - Unisex T-Shirts,040112_SS_XS,XS,42120434057301,0.17,kg,0,-1.000,9,0,,-180,180,,0.00,0.00,-180,180
6739207356501,39995268235349,Unisex Save Soil Short Sleeve T-Shirt,Clothing - Unisex T-Shirts,040112_SS_S,S,42092062146645,0.17,kg,0,-1.000,9,0,,-180,180,,0.00,0.00,-180,180
6739207356501,39995268268117,Unisex Save Soil Short Sleeve T-Shirt,Clothing - Unisex T-Shirts,040112_SS_M,M,42092062179413,0.17,kg,0,-1.000,9,0,,-180,180,,0.00,0.00,-180,180
6739207356501,39995268300885,Unisex Save Soil Short Sleeve T-Shirt,Clothing - Unisex T-Shirts,040112_SS_L,L,42092062212181,0.17,kg,0,-1.000,9,0,,-180,180,80,13.60,0.00,-180,180
6739207356501,39995268333653,Unisex Save Soil Short Sleeve T-Shirt,Clothing - Unisex T-Shirts,040112_SS_XL,XL,42092062244949,0.17,kg,0,-1.000,9,0,,-180,180,,0.00,0.00,-180,180
6739207356501,40023586635861,Unisex Save Soil Short Sleeve T-Shirt,Clothing - Unisex T-Shirts,040112_SS_XXL,XXL,42120434090069,0.17,kg,0,-1.000,9,0,,-180,180,,0.00,0.00,-180,180
2518794436693,22101083717717,Unisex Undyed Dhoti Pant - Organic Cotton,Clothing - Unisex Dhoti Pants,0201108S,S,22962654412885,0.4,kg,7,0.017,22,0,,3,4,,0.00,154.00,3.068181818,4
2518794436693,22101083783253,Unisex Undyed Dhoti Pant - Organic Cotton,Clothing - Unisex Dhoti Pants,0201108M,M,22962654445653,0.4,kg,11,0.023,22,0,,4,7,,0.00,242.00,4.090909091,7
2518794436693,22101083816021,Unisex Undyed Dhoti Pant - Organic Cotton,Clothing - Unisex Dhoti Pants,0201108L,L,22962654478421,0.4,kg,0,-1.000,22,10,,-180,190,,0.00,0.00,-180,190
2518794436693,22101083848789,Unisex Undyed Dhoti Pant - Organic Cotton,Clothing - Unisex Dhoti Pants,0201108XL,XL,22962654511189,0.4,kg,2,0.017,22,0,,3,-1,,,44.00,3.068181818,-1
2548157874261,22323481739349,Unisex White Adiyogi Printed Full Sleeve T-Shirt,Clothing - Unisex T-Shirts,0401175S,S,23262382915669,0.19,kg,8,0.000,18,0,,0,8,,0.00,140.00,0,8
2548157874261,22323476791381,Unisex White Adiyogi Printed Full Sleeve T-Shirt,Clothing - Unisex T-Shirts,0401175L,L,23262377967701,0.22,kg,9,0.000,18,0,,0,9,,0.00,157.50,0,9
2548157874261,39488277119061,Unisex White Adiyogi Printed Full Sleeve T-Shirt,Clothing - Unisex T-Shirts,0401175M,M,41583290253397,0.21,kg,8,0.000,18,,,,,,,,,
2518871572565,22101287206997,Unisex White Sadhana Track Pants - Organic Cotton,Clothing - Unisex Track Pants,0401051WhiteS,S,22962880413781,0.27,kg,0,-1.000,25,0,,-180,180,,0.00,0.00,-180,180
2518912925781,22101377908821,Vibhuti Energized,Consecrated - Vibhuti,TC0002500000,,22962984353877,0.1,kg,92,0.665,5,60,,120,32,,0.00,460.00,119.6590909,32
2518810787925,22101124055125,Wealthier Millet Diet Book,Books - English,8905795001497,,22962697404501,0.05,kg,10,0.040,5,0,,7,3,,0.00,50.00,7.159090909,3
2548048003157,22323105529941,Women Organic Cotton Embroidered Aum Kurta - Beige,Clothing - Women's Kurtas,0202531S,S,23261742465109,1.1,kg,0,-1.000,25,0,,-180,180,,0.00,0.00,-180,180
2548048003157,22323106381909,Women Organic Cotton Embroidered Aum Kurta - Beige,Clothing - Women's Kurtas,0202531M,M,23261743317077,1.1,kg,0,-1.000,25,,,,,,,,,
2548048003157,22323105497173,Women Organic Cotton Embroidered Aum Kurta - Beige,Clothing - Women's Kurtas,0202531L,L,23261742432341,1.1,kg,0,-1.000,25,0,,-180,180,,0.00,0.00,-180,180
2548047511637,22323103989845,Women Organic Cotton Embroidered Aum Kurta - Coral,Clothing - Women's Kurtas,0202530S,S,23261737615445,1.1,kg,13,0.006,25,0,,1,12,,,318.50,1.022727273,12
2548047511637,22323104055381,Women Organic Cotton Embroidered Aum Kurta - Coral,Clothing - Women's Kurtas,0202530M,M,23261737680981,1.1,kg,3,0.000,25,0,,0,3,,0.00,73.50,0,3
2548047511637,22323104317525,Women Organic Cotton Embroidered Aum Kurta - Coral,Clothing - Women's Kurtas,0202530L,L,23261737943125,1.1,kg,0,-1.000,25,0,,-180,180,,0.00,0.00,-180,180
2518874423381,22101291040853,Women Organic Cotton Embroidered Aum Kurta - Pink,Clothing - Women's Kurtas,0202529S,S,22962884247637,1.1,kg,2,0.011,25,0,,2,0,,0.00,49.00,2.045454545,0
2518874423381,22323098779733,Women Organic Cotton Embroidered Aum Kurta - Pink,Clothing - Women's Kurtas,0202529M,M,23261728931925,1.1,kg,4,0.000,25,,,,,,,,,
2518874423381,22323097829461,Women Organic Cotton Embroidered Aum Kurta - Pink,Clothing - Women's Kurtas,0202529L,L,23261724835925,1.1,kg,10,0.000,25,,,,,,,,,
2548048527445,22323107790933,Women Organic Cotton Knitted Drawstring Pants - Beige,Clothing - Women's Pants,0202533S,S,23261748035669,1.1,kg,1,0.006,25,0,,,,,,,,1
2548048527445,22323107889237,Women Organic Cotton Knitted Drawstring Pants - Beige,Clothing - Women's Pants,0202533M,M,23261748133973,1.1,kg,7,0.000,25,0,,0,7,,0.00,171.50,0,7
2548048527445,22323107725397,Women Organic Cotton Knitted Drawstring Pants - Beige,Clothing - Women's Pants,0202533L,L,23261747970133,1.1,kg,6,0.006,25,0,,1,5,,0.00,147.00,1.022727273,5
7277076021333,42064300671061,"Women's 100% Organic Cotton Kurta with Embroidered ""Aum"" - White",Clothing - Women's Kurtas,0202528 S,S,44186295795797,0,kg,5,0.000,30,0,,0,5,,0.00,150.00,0,5
7277076021333,42064300703829,"Women's 100% Organic Cotton Kurta with Embroidered ""Aum"" - White",Clothing - Women's Kurtas,0202528 L,L,44186295828565,0,kg,4,0.026,30,,,,,,,,,
7277076021333,42064300736597,"Women's 100% Organic Cotton Kurta with Embroidered ""Aum"" - White",Clothing - Women's Kurtas,0202528 XL,XL,44186295861333,0,kg,0,-1.000,30,,,,,,,,,
7277076021333,42064300769365,"Women's 100% Organic Cotton Kurta with Embroidered ""Aum"" - White",Clothing - Women's Kurtas,0202528 M,M,44186295894101,0,kg,5,0.000,30,0,,0,5,,0.00,150.00,0,5
7233195638869,41844595425365,Women's 100% Organic Undyed Cotton Dhoti Pant - Off-White,Women - Dhoti,Organic Ladies Dhoti Pant Undyed-1,S,43956834369621,0.3,kg,0,-1.000,30,0,,-180,180,,0.00,0.00,-180,180
7233195638869,41844595458133,Women's 100% Organic Undyed Cotton Dhoti Pant - Off-White,Women - Dhoti,Organic Ladies Dhoti Pant Undyed-2,M,43956834402389,0.3,kg,0,-1.000,30,0,,-180,180,30,9.00,0.00,-180,180
7233195638869,41844595490901,Women's 100% Organic Undyed Cotton Dhoti Pant - Off-White,Women - Dhoti,CA0108300400,L,43956834435157,0.3,kg,5,0.000,30,0,,0,5,,0.00,150.00,0,5
7277088604245,42064356966485,"Women's 100% Undyed Organic Cotton Kurta With Embroidered ""Aum"" - Undyed",Women - Kurtas & Tops,CA0099500200,S,44186359365717,0,kg,5,0.000,30,0,,,,,,,,5
7277088604245,42064356999253,"Women's 100% Undyed Organic Cotton Kurta With Embroidered ""Aum"" - Undyed",Women - Kurtas & Tops,CA0099500300,M,44186359398485,0,kg,5,0.000,30,0,,0,5,,0.00,150.00,0,5
7277088604245,42064357032021,"Women's 100% Undyed Organic Cotton Kurta With Embroidered ""Aum"" - Undyed",Women - Kurtas & Tops,CA0099500400,L,44186359431253,0,kg,5,0.000,30,0,,0,5,,0.00,150.00,,5
7277088604245,42064357064789,"Women's 100% Undyed Organic Cotton Kurta With Embroidered ""Aum"" - Undyed",Women - Kurtas & Tops,CA0099500500,XL,44186359464021,0,kg,0,-1.000,30,0,,-180,180,,0.00,0.00,-180,180
7140104503381,41413327913045,Womens Organic Cotton Sadhana Pyjama - White,Clothing - Women's Pants,0202536S,S,43517328457813,0.1,kg,8,0.011,36,,,,,,,,,8
7140104503381,41413327945813,Womens Organic Cotton Sadhana Pyjama - White,Clothing - Women's Pants,0202536M,M,43517328490581,0.1,kg,7,0.000,36,0,,0,7,30,3.00,252.00,0,7
7140104503381,41413327978581,Womens Organic Cotton Sadhana Pyjama - White,Clothing - Women's Pants,0202536L,L,43517328523349,0.1,kg,12,0.006,36,,,,,,,,,
7140104503381,41413328011349,Womens Organic Cotton Sadhana Pyjama - White,Clothing - Women's Pants,0202536XL,XL,43517328556117,0.1,kg,0,-1.000,36,,,,,,,,,
6611112656981,39492266360917,Youth and Truth Journal - Grey,Home Decor - Journals,MIS026-Grey,,41587329957973,0.41,kg,1,0.017,12,,,,,,,,,
6611112788053,39492266524757,Youth and Truth Journal - Red,Home Decor - Journals,MIS026-Red,,41587330121813,0.4,kg,0,-1.000,12,,,,,,,,,
2557963337813,22392437768277,ஜென்னல் (JENNAL),Books - Tamil,0508077,,23349778710613,0.45,kg,6,0.000,5,,,,,,,,,